customer,email,phone,region,country,product,category,price,quantity,total,payment_method,status,date
Diana Garcia,dhansen@example.org,341.724.5295x3021,Africa,Sri Lanka,Million,Home,327.57,3,982.71,Credit Card,Completed,2026-01-28
Eduardo Mcguire,bcampbell@example.com,(461)724-4014x76064,Asia,Afghanistan,I,Clothing,461.08,8,3688.64,Bank Transfer,Cancelled,2026-03-03
Connie Landry,pamela92@example.org,745-656-5084,South America,Saint Martin,To,Electronics,118.25,4,473.0,Bank Transfer,Cancelled,2026-04-09
Shawn Lewis,douglashull@example.net,(561)547-2459x205,South America,Lao People's Democratic Republic,Street,Books,181.29,10,1812.9,Cash,Cancelled,2026-03-21
Michael Little,lopezchris@example.com,459-283-7965x77657,Asia,Netherlands,Laugh,Home,104.92,3,314.76,Bank Transfer,Completed,2026-01-18
Sergio Adams,kelseydunlap@example.com,592.579.7667,South America,Turks and Caicos Islands,History,Electronics,278.77,2,557.54,Bank Transfer,Pending,2026-01-03
Alexander Boyd,garciasheila@example.org,423-237-1557x8534,Africa,Djibouti,Son,Home,110.39,4,441.56,Credit Card,Pending,2026-01-16
Nicole Brown,eatonmichele@example.net,+1-337-426-7387,Europe,Saint Pierre and Miquelon,Remain,Electronics,253.59,1,253.59,Cash,Completed,2026-01-29
Richard Lopez,rcampbell@example.org,+1-375-636-7059x716,Africa,Indonesia,Business,Books,106.39,3,319.17,PayPal,Completed,2026-03-06
Theresa Tyler,jordan30@example.com,664.370.3341x055,Asia,Poland,Its,Sports,14.03,8,112.24,PayPal,Pending,2026-01-30
Anthony Hodges,laurenmarshall@example.com,939-429-9057,Europe,Switzerland,Quality,Electronics,459.48,1,459.48,Cash,Pending,2026-01-14
Crystal Gould,timothy94@example.org,(257)904-3911x37515,Asia,Uruguay,Vote,Sports,239.49,7,1676.43,Bank Transfer,Completed,2026-02-04
Katherine Caldwell,greerkimberly@example.com,910.560.1299x63330,North America,Peru,Same,Home,260.78,1,260.78,Bank Transfer,Cancelled,2026-01-14
Kathy Nichols,llyons@example.org,531-364-7441x077,Asia,Dominica,Suffer,Home,12.65,6,75.9,Cash,Cancelled,2026-01-24
Christina Walters,ipowers@example.org,001-798-371-7929,North America,Singapore,Wife,Clothing,396.03,8,3168.24,Credit Card,Cancelled,2026-02-03
Rodney Peck,brad45@example.net,001-433-686-4924,Asia,Haiti,Production,Books,184.62,10,1846.2,Cash,Cancelled,2026-01-18
Brenda Pruitt,jacksonheather@example.net,909-627-6060,Africa,Ireland,On,Clothing,323.98,6,1943.88,Cash,Cancelled,2026-02-02
Kristin Conrad,gilessarah@example.net,386-581-8738,Africa,Pitcairn Islands,Industry,Clothing,417.31,9,3755.79,Bank Transfer,Completed,2026-03-21
Matthew Williams,juanmatthews@example.org,001-953-441-1536,Europe,Cape Verde,Answer,Books,202.43,8,1619.44,PayPal,Pending,2026-02-01
Blake Woods Jr.,kevinwelch@example.org,001-558-281-7675,South America,Bolivia,Before,Electronics,247.86,6,1487.16,Cash,Completed,2026-03-08
Kaylee Lewis,sheri78@example.com,(937)288-3744x85544,South America,Congo,Tend,Books,402.82,6,2416.92,PayPal,Pending,2026-04-03
Scott Lopez,nicholasrobinson@example.net,001-856-666-3315,North America,Zambia,Remember,Sports,308.62,3,925.86,Credit Card,Completed,2026-01-23
Manuel Campos,cfields@example.com,381.648.1591x51341,South America,Bermuda,Figure,Books,118.47,6,710.82,Bank Transfer,Cancelled,2026-03-05
Dr. Amber Adams,laureneverett@example.com,495.820.9770x16375,Asia,Saint Kitts and Nevis,Gun,Clothing,101.59,1,101.59,Credit Card,Cancelled,2026-03-29
James Hutchinson,danielarias@example.org,674.760.6287,Asia,Ecuador,Over,Books,289.74,7,2028.18,Bank Transfer,Pending,2026-04-03
Joanna Orozco,kristenholt@example.com,(299)387-1703x98254,Europe,Monaco,Feeling,Books,392.1,4,1568.4,Bank Transfer,Cancelled,2026-03-29
Joseph Garcia,nwashington@example.com,+1-532-548-2775x91385,Africa,Albania,Less,Electronics,346.3,2,692.6,PayPal,Pending,2026-01-25
Sarah Hoffman,patricia48@example.com,001-649-217-5385x357,Africa,Seychelles,Ask,Clothing,122.29,9,1100.61,PayPal,Cancelled,2026-04-04
James Jones,kennethmason@example.net,+1-982-681-5851,Europe,Cote d'Ivoire,Claim,Home,356.97,8,2855.76,PayPal,Completed,2026-03-30
Miss Karen Parker,thomaskelly@example.org,001-951-271-8261,Asia,Saint Lucia,Office,Clothing,21.56,2,43.12,PayPal,Pending,2026-04-06
Rebecca Harris,maddoxbrianna@example.com,(466)665-5459,Africa,Lesotho,Box,Home,102.28,5,511.4,Credit Card,Pending,2026-01-23
Nicholas Smith,cartercody@example.net,531.766.2681,North America,Ecuador,Small,Sports,429.85,7,3008.95,Bank Transfer,Pending,2026-01-28
William Myers,adriennetaylor@example.com,314-224-3562,South America,Saint Lucia,Realize,Home,335.53,1,335.53,Bank Transfer,Completed,2026-03-14
David Singleton,woodsmatthew@example.net,(981)873-3834x68766,Asia,Myanmar,Go,Sports,478.2,9,4303.8,Credit Card,Completed,2026-03-01
Nicole Franklin,christycross@example.net,557-821-4204,Europe,Paraguay,Book,Electronics,24.76,1,24.76,Bank Transfer,Pending,2026-04-09
David Fernandez,mdavies@example.org,514.839.6398x5077,Asia,Swaziland,Report,Clothing,382.48,2,764.96,Bank Transfer,Cancelled,2026-01-22
Shawn Cruz,khampton@example.com,3406527593,Asia,Samoa,We,Sports,171.62,5,858.1,Credit Card,Cancelled,2026-02-21
Tasha Hernandez,richard43@example.net,001-715-890-1591x186,South America,Dominica,Have,Sports,330.24,9,2972.16,Credit Card,Completed,2026-01-10
Veronica Stuart,harperrichard@example.net,617.629.5429,South America,France,Court,Clothing,282.6,7,1978.2,PayPal,Cancelled,2026-02-08
Ashley Reynolds,vargasjustin@example.org,(641)255-4824x86737,South America,Bermuda,Identify,Clothing,207.2,10,2072.0,PayPal,Completed,2026-03-22
Lisa Williamson,lewissydney@example.org,371.419.0062x3822,Asia,Cook Islands,Anything,Home,129.27,4,517.08,Cash,Cancelled,2026-01-21
Ryan Brown,robert23@example.org,(214)388-4269x4382,North America,Samoa,Term,Electronics,225.31,1,225.31,PayPal,Completed,2026-01-18
Harold Evans,itanner@example.com,001-434-336-8872x331,Africa,Estonia,Family,Electronics,66.29,1,66.29,Cash,Pending,2026-01-24
Gerald James,julia97@example.net,921.734.6843x399,Europe,British Virgin Islands,Note,Clothing,170.63,7,1194.41,Credit Card,Cancelled,2026-01-29
Zachary Moore,lbrown@example.org,228-280-1419,South America,Burundi,Nation,Home,190.61,8,1524.88,PayPal,Pending,2026-01-25
Christine Thomas,rachael45@example.net,339.674.5891,Europe,Paraguay,More,Electronics,66.92,6,401.52,PayPal,Cancelled,2026-02-01
Cassidy Christian,carlosgarcia@example.org,+1-474-696-1270,Europe,Sierra Leone,Sing,Clothing,41.4,2,82.8,Cash,Pending,2026-02-05
Peter Church,gfernandez@example.net,+1-550-313-5389x85982,Asia,Spain,Girl,Electronics,366.09,7,2562.63,Credit Card,Cancelled,2026-02-19
Patrick Woods,michael92@example.com,001-243-425-9125x0613,South America,Saint Lucia,Animal,Home,239.59,10,2395.9,Credit Card,Pending,2026-01-14
Lori Davis,georgekayla@example.org,001-907-712-5079x5601,South America,Bahamas,Radio,Electronics,291.66,6,1749.96,Cash,Pending,2026-01-24
Jeremiah Hill,douglas44@example.org,(382)430-4273x0326,Europe,Azerbaijan,Wait,Electronics,237.5,8,1900.0,Cash,Completed,2026-02-04
Kathy Scott,luis43@example.com,467.952.4252x84469,Europe,Algeria,Another,Electronics,401.63,2,803.26,Cash,Pending,2026-04-09
Karl Price,parsonstanya@example.net,001-954-725-2726x2152,Asia,Chad,Themselves,Home,476.41,10,4764.1,PayPal,Cancelled,2026-02-02
Cynthia Lyons,hhorne@example.com,523.821.0197,North America,Czech Republic,Person,Home,74.96,1,74.96,Cash,Pending,2026-03-06
Ashley Stevens,mccoykenneth@example.com,458.905.6172x978,Europe,Panama,Garden,Sports,495.7,6,2974.2,PayPal,Completed,2026-02-12
Jorge Johnson,markwalker@example.net,001-872-957-4491x25645,North America,Peru,Area,Books,388.71,1,388.71,PayPal,Pending,2026-03-08
Carolyn Martin,arnoldchristopher@example.com,+1-895-907-5674x12111,Africa,Heard Island and McDonald Islands,Throw,Books,449.61,2,899.22,PayPal,Pending,2026-03-19
Kelly Evans,zkeller@example.com,(767)562-7913x712,Europe,Singapore,Call,Home,376.21,9,3385.89,Bank Transfer,Pending,2026-03-28
Jared James,mark67@example.org,5804801583,North America,Slovakia (Slovak Republic),Deal,Sports,281.23,7,1968.61,Credit Card,Cancelled,2026-01-06
Lisa Wade,malonerobert@example.com,(359)513-0384x8295,Europe,Antigua and Barbuda,Spring,Clothing,67.44,2,134.88,Credit Card,Completed,2026-03-29
Penny Hayes,stevensanchez@example.com,(339)725-9289x282,Asia,Bosnia and Herzegovina,When,Home,121.68,7,851.76,PayPal,Completed,2026-04-08
James Whitehead,amanda60@example.org,001-306-969-7545x634,Africa,Cyprus,Table,Books,454.37,4,1817.48,Credit Card,Pending,2026-01-05
Seth Brown,hoodsusan@example.net,643.276.7668x00060,Europe,Armenia,Yourself,Books,329.61,7,2307.27,Bank Transfer,Completed,2026-03-06
Steven Miller,plynch@example.com,5497880021,North America,Israel,Tonight,Home,364.46,7,2551.22,Credit Card,Cancelled,2026-01-27
Jeffrey Ellis,jamesnguyen@example.net,001-201-841-7474x218,Africa,Samoa,Central,Sports,136.41,6,818.46,Credit Card,Cancelled,2026-03-02
Rickey Jackson,alexanderwise@example.org,+1-723-817-1952,Europe,Ecuador,Fly,Books,476.25,1,476.25,Cash,Pending,2026-04-07
Shawn Young,murphykathy@example.net,+1-296-661-4882x0588,South America,United States Virgin Islands,Live,Home,231.36,3,694.08,Cash,Cancelled,2026-01-26
Victoria Young,arellanohailey@example.org,453-729-0940x8433,Europe,Ghana,Run,Home,187.57,8,1500.56,Cash,Pending,2026-01-06
Jorge Proctor,xcollier@example.org,589-813-9262,South America,Georgia,Enjoy,Books,471.83,9,4246.47,Credit Card,Pending,2026-02-20
Sylvia Young,kaitlinsmith@example.net,(852)690-0387x854,South America,Norfolk Island,Yourself,Clothing,498.0,2,996.0,Cash,Completed,2026-01-26
Denise Larson,dsparks@example.org,909.798.3673,Europe,Hungary,Itself,Clothing,27.26,9,245.34,Cash,Pending,2026-03-29
Tanner Fuller,hansenlaura@example.com,453.455.0257x48390,Africa,Anguilla,Should,Books,276.04,1,276.04,Bank Transfer,Pending,2026-04-02
John Davies,pwilson@example.net,831.520.4362,North America,Cape Verde,Above,Sports,205.59,1,205.59,PayPal,Pending,2026-02-22
Kristie Crawford,marcuscisneros@example.org,001-596-485-1113,Asia,Algeria,Current,Electronics,297.14,1,297.14,Bank Transfer,Cancelled,2026-04-03
Johnathan Shah,sharon34@example.org,(811)885-8029x043,Asia,Bulgaria,Available,Clothing,178.98,7,1252.86,PayPal,Completed,2026-02-14
William Rangel,evelyn10@example.com,(261)613-6687x446,Europe,Wallis and Futuna,Candidate,Books,138.38,2,276.76,Credit Card,Completed,2026-02-16
Christopher Peterson,charles26@example.org,509.500.6505x605,Europe,Congo,Cup,Clothing,123.9,3,371.7,Credit Card,Pending,2026-04-05
Emma Hicks,andrewhicks@example.org,+1-657-885-9031,North America,Bosnia and Herzegovina,Talk,Electronics,118.77,4,475.08,Cash,Completed,2026-02-18
Michelle Landry,tony83@example.net,785-342-6305x068,Africa,Costa Rica,Fine,Sports,179.59,6,1077.54,Credit Card,Pending,2026-02-24
Mark Mccann,emily18@example.org,523.254.7280x203,North America,Portugal,Attention,Home,164.59,3,493.77,Credit Card,Completed,2026-02-17
Maureen Davis,suzannegeorge@example.net,(491)243-4162,Asia,Romania,Have,Clothing,410.64,3,1231.92,PayPal,Completed,2026-02-16
Benjamin Francis,kellycarolyn@example.com,+1-732-804-3460,Asia,Turks and Caicos Islands,Often,Electronics,330.28,1,330.28,Bank Transfer,Cancelled,2026-02-13
Craig Brown,aharris@example.org,6305871657,Asia,Antarctica (the territory South of 60 deg S),And,Electronics,338.54,2,677.08,Bank Transfer,Completed,2026-01-29
Stephen Carter,william08@example.com,338-335-4779x6462,North America,Chad,Her,Electronics,346.82,4,1387.28,Cash,Cancelled,2026-01-29
John Johnson,gardnerjonathan@example.com,(364)664-8542,North America,Turkmenistan,Line,Home,437.04,2,874.08,PayPal,Completed,2026-03-03
Cassandra Green,sbrown@example.com,200.775.6612x728,North America,Kuwait,Indicate,Home,109.97,7,769.79,PayPal,Cancelled,2026-04-02
Megan Watts,edward90@example.org,7565070683,Europe,Micronesia,Course,Sports,82.28,4,329.12,Bank Transfer,Completed,2026-03-14
Eric Williams,ballsteven@example.com,+1-382-596-1734x67638,South America,Nigeria,Why,Home,433.96,3,1301.88,PayPal,Cancelled,2026-01-06
Robert Huff,heidimoore@example.org,(949)289-8306,North America,Thailand,Prove,Clothing,308.5,10,3085.0,PayPal,Pending,2026-03-20
Isaac Boyle,laurawhitaker@example.net,+1-930-838-1679x48905,Africa,Poland,Help,Sports,442.57,1,442.57,Credit Card,Cancelled,2026-02-22
Julian Townsend,jasmine64@example.org,6095192714,Africa,New Caledonia,Today,Books,381.56,2,763.12,Bank Transfer,Pending,2026-01-05
Jane Price,adamsjohn@example.com,(602)851-5867x902,Europe,Albania,Character,Electronics,247.89,1,247.89,Bank Transfer,Completed,2026-04-07
Kirk Skinner,whitealexander@example.org,933.629.9465x216,Africa,Argentina,Collection,Clothing,418.95,2,837.9,Bank Transfer,Completed,2026-03-29
John Mckay,scottjohn@example.com,001-945-355-4406,North America,Argentina,Become,Home,462.68,8,3701.44,Bank Transfer,Pending,2026-02-02
Amy Tran,brittney37@example.com,6237050398,South America,Korea,Cause,Sports,348.27,9,3134.43,Credit Card,Completed,2026-02-08
Sara Saunders,patriciasanders@example.com,(416)843-3379,Europe,Sierra Leone,Cause,Sports,409.3,9,3683.7,Bank Transfer,Cancelled,2026-03-23
Wayne Combs,tstevenson@example.org,(640)853-0597,North America,Jersey,Season,Electronics,300.85,8,2406.8,PayPal,Pending,2026-01-21
Mark Castillo,nkelly@example.com,(271)714-4743x19875,Asia,Israel,Probably,Electronics,361.14,8,2889.12,PayPal,Pending,2026-04-09
Ashley Cortez,nicole68@example.com,+1-581-973-0747x91730,South America,Italy,Among,Books,333.34,1,333.34,Cash,Completed,2026-04-04
Brandon Duncan,wangannette@example.com,+1-357-546-5973,Europe,Mongolia,Democratic,Electronics,298.57,2,597.14,PayPal,Cancelled,2026-02-04
Hannah Turner,patriciawebster@example.org,6056581104,Asia,Burkina Faso,Despite,Electronics,324.21,3,972.63,Bank Transfer,Completed,2026-03-27
Yesenia Owens MD,bakerpeter@example.com,+1-750-877-2826,Europe,Malta,Stand,Clothing,151.89,8,1215.12,Credit Card,Pending,2026-02-27
Eric Snyder,hrussell@example.org,+1-782-613-2382x760,North America,Saint Pierre and Miquelon,Model,Clothing,30.1,9,270.9,Bank Transfer,Completed,2026-01-09
Crystal Ryan,marco69@example.org,+1-449-352-5332x06287,Europe,Antigua and Barbuda,Evening,Home,209.34,4,837.36,Bank Transfer,Cancelled,2026-03-01
Timothy Potter,rgarcia@example.com,001-424-770-8454x0626,Asia,Gambia,Term,Sports,15.19,8,121.52,Cash,Pending,2026-01-27
Jay Campbell,ewilson@example.org,001-745-224-5294,Europe,Sri Lanka,Tell,Clothing,215.35,5,1076.75,PayPal,Pending,2026-03-06
Ellen Garcia,anthony13@example.com,+1-615-664-9941x27490,Asia,Liberia,Soon,Electronics,177.74,1,177.74,PayPal,Cancelled,2026-02-08
Shelby Smith,chandlerstephanie@example.com,(349)444-5524,North America,Martinique,Fire,Books,436.05,7,3052.35,Cash,Pending,2026-03-08
Courtney Bailey,tina13@example.com,406-558-3542x21624,Africa,Niue,Garden,Clothing,232.11,9,2088.99,Credit Card,Completed,2026-03-21
David Roach,charles18@example.com,798-760-1948x617,South America,Greece,Politics,Books,91.41,6,548.46,Credit Card,Completed,2026-01-22
Jeremy Elliott,lgarza@example.net,577-600-5823x02880,Europe,Denmark,Professor,Home,453.06,2,906.12,Bank Transfer,Pending,2026-01-15
Michael Tapia,leslie94@example.com,001-931-842-3721,Asia,Nigeria,Level,Sports,153.04,4,612.16,PayPal,Pending,2026-03-25
Carl Morris,littlesheri@example.net,(211)623-9903x5560,North America,Netherlands,None,Books,386.13,3,1158.39,PayPal,Completed,2026-01-23
Lindsay Lewis,michele87@example.org,3086608469,Africa,Turkmenistan,Back,Books,129.03,3,387.09,PayPal,Pending,2026-02-14
Michelle Smith DDS,michaelalvarez@example.com,(443)330-8440x633,North America,Montenegro,College,Home,129.89,1,129.89,PayPal,Pending,2026-01-02
Nicholas West,dgray@example.net,6126821261,Europe,Slovakia (Slovak Republic),Late,Clothing,338.58,2,677.16,Cash,Pending,2026-01-02
Joe Swanson,jessicajohnson@example.net,901.470.5451,Africa,Tajikistan,Exactly,Home,398.1,4,1592.4,Bank Transfer,Completed,2026-02-09
Renee Garcia,nicholasbarker@example.com,+1-621-785-3586x8913,Asia,Benin,Property,Electronics,499.91,9,4499.19,Credit Card,Cancelled,2026-01-10
Elizabeth Arellano,mary30@example.org,810.403.2603x9021,Europe,Kenya,Arrive,Home,414.27,5,2071.35,Bank Transfer,Completed,2026-01-14
Logan Hughes,mitchellfrancis@example.net,+1-549-467-2865x7071,North America,Cuba,Rich,Home,203.08,5,1015.4,PayPal,Completed,2026-01-26
Nicholas Mosley,mmarsh@example.net,999-548-3375x741,Asia,South Africa,Still,Electronics,180.15,10,1801.5,PayPal,Completed,2026-01-21
Kristin Garrison,underwoodlindsey@example.com,283.944.4171x443,South America,Bahamas,Bit,Electronics,259.16,3,777.48,PayPal,Completed,2026-03-06
Tammy Goodman,logan30@example.com,694.337.6944x503,Asia,Lesotho,Stay,Clothing,378.78,3,1136.34,Cash,Completed,2026-04-02
Shannon Donaldson,ncollins@example.org,(546)220-9638x291,Africa,Slovakia (Slovak Republic),Well,Electronics,13.79,7,96.53,PayPal,Pending,2026-03-28
Ryan Elliott,aandersen@example.org,909.926.1920x9361,Africa,Australia,Board,Books,172.44,7,1207.08,PayPal,Pending,2026-03-09
Jacob Garcia,amber73@example.net,629-666-4766,South America,Rwanda,Pay,Clothing,213.79,6,1282.74,Credit Card,Pending,2026-03-26
Lisa Barnes,mannjohn@example.com,+1-496-791-4681x58719,Asia,Cayman Islands,Body,Books,156.96,4,627.84,Bank Transfer,Pending,2026-03-11
Wendy Simmons,nancysanders@example.org,(941)793-4847x586,North America,United Arab Emirates,Also,Books,493.92,7,3457.44,Bank Transfer,Cancelled,2026-01-02
Robert Hancock,barrettsally@example.org,001-699-943-4630x73539,Asia,Comoros,Newspaper,Sports,488.83,1,488.83,PayPal,Completed,2026-01-31
Luis Robinson,haley12@example.net,001-540-814-3008x674,Africa,British Virgin Islands,Behind,Electronics,411.84,10,4118.4,Bank Transfer,Pending,2026-04-08
David Johnson,ujefferson@example.net,+1-993-975-4077x8764,Asia,Mauritius,Phone,Sports,375.03,9,3375.27,Bank Transfer,Pending,2026-04-03
Benjamin Howe,leachlance@example.com,001-569-490-1277x478,North America,Syrian Arab Republic,Son,Books,110.17,3,330.51,PayPal,Completed,2026-03-19
Leah Moody,david53@example.net,+1-660-964-2729x0361,South America,Liberia,Yourself,Clothing,121.63,6,729.78,PayPal,Cancelled,2026-01-07
Jessica Roberts,matthewthomas@example.org,(702)999-9867x4301,Asia,Marshall Islands,Leg,Clothing,287.48,2,574.96,PayPal,Cancelled,2026-02-21
Zachary Lutz,cassandragonzalez@example.com,(475)907-6319x225,Asia,Kuwait,Modern,Clothing,133.13,1,133.13,Credit Card,Pending,2026-01-21
Sabrina Dixon,richardjackson@example.org,001-471-375-2141,North America,Singapore,Senior,Books,61.38,5,306.9,Credit Card,Cancelled,2026-01-31
Steven Martinez,ericwilliams@example.com,364-966-6671x6560,South America,Malawi,Involve,Books,457.8,10,4578.0,PayPal,Pending,2026-04-05
Paul Kelly,nhall@example.com,(975)375-4903x232,Europe,Algeria,Bank,Books,433.14,9,3898.26,Cash,Completed,2026-03-22
Zachary Steele,kimberlyburns@example.org,2033795214,Europe,Latvia,Night,Home,207.01,3,621.03,PayPal,Pending,2026-02-07
Christina Carpenter,francesedwards@example.net,411-656-5250x51421,South America,Bolivia,Beautiful,Home,39.43,4,157.72,Bank Transfer,Pending,2026-03-03
Alan Wood,debbie74@example.org,001-546-853-0052,South America,Saint Kitts and Nevis,Or,Clothing,119.23,2,238.46,Credit Card,Pending,2026-03-13
Carlos Bennett,awalker@example.com,(240)888-5197,Asia,Botswana,According,Sports,440.1,6,2640.6,PayPal,Completed,2026-01-18
Daniel Garcia,fisherjoshua@example.net,(759)295-4079,South America,Kenya,Stay,Electronics,46.63,9,419.67,Cash,Completed,2026-02-25
Abigail Eaton,amanda06@example.com,001-250-373-6443x4360,South America,Zimbabwe,Bit,Sports,235.24,1,235.24,Credit Card,Pending,2026-03-04
Jamie Knight,jenniferflowers@example.org,347-674-5428x330,Africa,Mauritius,Power,Sports,442.98,1,442.98,Credit Card,Cancelled,2026-01-30
David Torres,agarner@example.net,+1-462-669-8179,Europe,Uruguay,Stuff,Electronics,256.89,5,1284.45,Credit Card,Completed,2026-02-09
Jessica Mccormick,brianscott@example.org,490-718-9033x46575,South America,Suriname,Deal,Clothing,475.0,6,2850.0,Bank Transfer,Completed,2026-03-14
Rachel Garner,kathryn90@example.com,875-699-2798x2171,Europe,Egypt,Play,Electronics,452.86,7,3170.02,Cash,Completed,2026-03-09
Stacey Gross,phillipsmichael@example.com,750-273-3280x902,North America,Ethiopia,Next,Sports,193.23,7,1352.61,PayPal,Completed,2026-02-16
Kenneth Carroll,gallagherterri@example.org,001-658-412-5350x3352,North America,American Samoa,Beautiful,Sports,336.67,3,1010.01,Credit Card,Cancelled,2026-02-15
Kristen Whitaker,nrivera@example.com,001-915-966-8689x87944,Europe,Netherlands,On,Home,289.05,8,2312.4,Bank Transfer,Completed,2026-01-27
Howard Gonzalez,qgarrett@example.com,(330)660-7491x999,North America,French Guiana,Relationship,Clothing,494.73,3,1484.19,Credit Card,Pending,2026-04-01
Alicia Stafford,fchapman@example.com,523.880.7909x52825,Africa,Belarus,Her,Books,442.42,9,3981.78,PayPal,Completed,2026-03-07
Daniel Bailey,logandanielle@example.org,+1-813-785-6528x779,Asia,Cocos (Keeling) Islands,Offer,Clothing,131.91,10,1319.1,Bank Transfer,Cancelled,2026-03-14
Katie Herrera,probles@example.org,3526584226,Europe,New Zealand,Knowledge,Clothing,83.95,6,503.7,PayPal,Pending,2026-03-11
Steven Taylor,rwilliams@example.net,334.611.0788x9359,Africa,Qatar,For,Books,455.68,5,2278.4,PayPal,Completed,2026-04-02
Judy Ortiz,shelley51@example.net,9364953687,Asia,Cuba,Space,Clothing,102.86,4,411.44,PayPal,Pending,2026-01-02
Michael Levy,cynthia14@example.org,314.680.0609,North America,Kiribati,Above,Home,107.41,5,537.05,Credit Card,Completed,2026-01-19
James Doyle,craig66@example.net,001-688-755-7006x2303,South America,Korea,Audience,Books,231.6,10,2316.0,Bank Transfer,Cancelled,2026-03-04
William Graves,hernandezrebecca@example.net,546.314.0543x028,Europe,Afghanistan,Despite,Electronics,454.84,3,1364.52,Bank Transfer,Cancelled,2026-03-26
Curtis Gill,zflowers@example.org,001-487-737-9914x3755,Asia,Tonga,Environment,Books,397.51,3,1192.53,Bank Transfer,Cancelled,2026-01-28
Sandra Blackburn,jonathan38@example.com,+1-253-845-9827x46665,Asia,Mayotte,Have,Home,69.58,7,487.06,Bank Transfer,Completed,2026-01-28
Nicole Nguyen,brightdavid@example.com,+1-646-373-4226x3256,Europe,Malta,Continue,Electronics,392.41,7,2746.87,Bank Transfer,Cancelled,2026-03-16
Shannon Miller,jmartinez@example.org,+1-744-783-6748x8860,South America,Cyprus,Decide,Sports,497.08,4,1988.32,PayPal,Completed,2026-03-21
Angela Williams,danaball@example.org,671-924-8475,Africa,Montenegro,Girl,Electronics,342.57,3,1027.71,Bank Transfer,Pending,2026-02-02
Stanley Moss,megan05@example.com,774-666-6680x8588,Asia,Reunion,Best,Home,72.05,3,216.15,Cash,Cancelled,2026-03-01
Ronald Hamilton,caitlin05@example.org,+1-228-923-4162,Asia,Netherlands,Project,Clothing,245.69,5,1228.45,Bank Transfer,Completed,2026-03-17
Michael Massey,scottharper@example.net,+1-503-897-6320x536,Asia,Peru,Well,Books,485.05,2,970.1,PayPal,Cancelled,2026-03-26
Jerome Green,ewang@example.org,626-798-8363x8499,Africa,Bolivia,Husband,Electronics,112.9,6,677.4,Bank Transfer,Pending,2026-01-18
Christopher Hayes,andrewmcneil@example.net,747-253-2422,South America,Liberia,Own,Electronics,452.71,5,2263.55,PayPal,Cancelled,2026-01-22
Shawn Bell,brandy89@example.com,+1-903-529-0421x480,Europe,Saint Martin,Fall,Home,138.99,7,972.93,Cash,Cancelled,2026-02-16
Stephanie Morales,rcarpenter@example.org,6073122164,Africa,Guatemala,For,Books,266.42,5,1332.1,Credit Card,Completed,2026-03-08
Bruce Neal,sarah34@example.com,+1-783-707-1767x600,Africa,Canada,Difference,Sports,437.85,6,2627.1,Bank Transfer,Completed,2026-02-09
Michael Walters,austinchristopher@example.com,827-833-5320,Europe,Guernsey,Or,Electronics,88.67,10,886.7,PayPal,Cancelled,2026-03-31
Tiffany Allen,christinemcguire@example.com,001-405-262-9218x968,South America,Kyrgyz Republic,Lead,Books,236.94,5,1184.7,Credit Card,Cancelled,2026-02-16
Emily Dawson,jill72@example.net,4857797100,Africa,Egypt,Real,Sports,265.1,2,530.2,PayPal,Cancelled,2026-02-28
Jeremiah Thompson Jr.,smithmary@example.net,001-313-480-0533x11221,North America,Singapore,Necessary,Clothing,251.75,2,503.5,Cash,Pending,2026-01-25
Lori Goodman,heather68@example.net,(668)950-1881x89160,Africa,Luxembourg,Capital,Sports,439.71,6,2638.26,Cash,Completed,2026-03-08
Rachel Collins,jameserickson@example.org,001-973-521-0985x9341,Europe,Guam,Suddenly,Sports,368.67,6,2212.02,Cash,Completed,2026-02-19
Cassandra Reynolds,ihoward@example.org,001-281-435-9760x7382,Africa,Finland,Two,Clothing,335.46,5,1677.3,Credit Card,Cancelled,2026-01-08
Dawn Reed,harrisjeffery@example.org,(496)858-9712,South America,Anguilla,Care,Books,107.11,10,1071.1,Credit Card,Pending,2026-03-24
Alexis Peterson,shellymorales@example.org,594.435.7116,Asia,Vanuatu,Student,Home,377.3,2,754.6,Bank Transfer,Pending,2026-02-03
Gina Benitez,kschmidt@example.net,(748)855-8467,Asia,Belize,Cultural,Sports,126.75,9,1140.75,Cash,Cancelled,2026-03-07
Joseph Perry,scott96@example.com,001-689-928-5340x2314,Asia,Norway,Public,Books,122.5,1,122.5,Bank Transfer,Completed,2026-01-13
Jack Clements,wvargas@example.net,(567)329-0423x83606,Asia,South Africa,Step,Electronics,60.64,5,303.2,Bank Transfer,Cancelled,2026-01-15
Dawn Adkins,apriljohnson@example.com,(817)674-2573,Asia,Egypt,Every,Electronics,310.01,5,1550.05,Cash,Cancelled,2026-01-18
Jaime Diaz,cbarber@example.com,(940)780-2749,South America,Mali,Design,Sports,345.31,3,1035.93,Cash,Cancelled,2026-02-20
Dennis Hernandez,kfoster@example.com,001-208-923-4753x7923,Africa,Singapore,Action,Home,170.17,6,1021.02,Bank Transfer,Cancelled,2026-03-17
James Patterson,patriciafigueroa@example.com,(819)929-5330x238,South America,Czech Republic,City,Sports,434.13,9,3907.17,Credit Card,Cancelled,2026-01-28
Pamela Mills,jenniferpena@example.org,2042830496,Africa,Cuba,Positive,Electronics,88.4,1,88.4,Credit Card,Pending,2026-03-02
Joshua Gibson,miranda45@example.net,366-339-5438x5154,Africa,Albania,Begin,Electronics,159.49,5,797.45,PayPal,Completed,2026-01-22
Molly Martin,dennis23@example.org,738-695-7443,North America,Norway,Company,Sports,127.5,2,255.0,Bank Transfer,Completed,2026-02-09
Mrs. Erika Griffin,jonathan96@example.com,9054374115,South America,Guadeloupe,Computer,Sports,356.28,10,3562.8,Credit Card,Completed,2026-01-15
Jeremy Robertson,gmcclure@example.net,+1-443-709-5263x950,South America,Suriname,Bring,Home,455.69,9,4101.21,Cash,Completed,2026-01-16
Samuel Graves,lucaslatoya@example.com,505-529-2112x143,South America,Lithuania,Media,Clothing,294.94,5,1474.7,PayPal,Cancelled,2026-03-17
George Smith,riverajames@example.org,+1-931-414-8926,Europe,United Arab Emirates,Size,Clothing,288.5,5,1442.5,PayPal,Completed,2026-03-30
Courtney Johnson,qrodriguez@example.org,+1-730-668-6025x01384,South America,Malta,Unit,Home,160.75,8,1286.0,Credit Card,Cancelled,2026-01-27
Matthew Coleman,joannhorn@example.net,508.832.7991x366,North America,French Polynesia,Either,Sports,318.84,2,637.68,Bank Transfer,Completed,2026-02-21
Barbara Allen,donnaglass@example.org,+1-719-758-2301x378,Europe,United States Virgin Islands,Director,Electronics,339.01,2,678.02,Credit Card,Completed,2026-02-03
Sherri Wilson,douglasstacey@example.com,852-946-0882x4205,Africa,Colombia,While,Home,147.38,8,1179.04,Bank Transfer,Cancelled,2026-03-12
Maria Barnes,franciskim@example.com,(930)984-6769,North America,Saint Vincent and the Grenadines,Enough,Electronics,40.69,10,406.9,Credit Card,Cancelled,2026-03-22
Mitchell Morales,qhamilton@example.com,(988)223-1753,Africa,Tonga,Think,Books,487.93,2,975.86,PayPal,Cancelled,2026-02-16
Jonathan Rivers,andrew45@example.net,001-346-975-0880x3836,South America,Niger,Organization,Books,444.69,1,444.69,Credit Card,Cancelled,2026-02-26
Sean Richard,carlaatkins@example.net,693.452.8465x613,South America,Jersey,Modern,Home,166.57,8,1332.56,Bank Transfer,Pending,2026-04-01
Haley Cooper,alyssadavis@example.org,384.705.4375x915,North America,Tokelau,Here,Electronics,273.66,1,273.66,PayPal,Cancelled,2026-03-19
Cody Reilly,marycrawford@example.com,2938376357,North America,Latvia,Among,Home,168.65,1,168.65,Bank Transfer,Cancelled,2026-03-16
Nicole Palmer,john84@example.net,398-351-7183,South America,Romania,Benefit,Books,89.34,8,714.72,Credit Card,Completed,2026-01-17
Jessica Kelley,john55@example.net,6617586959,Africa,Australia,Writer,Electronics,318.59,1,318.59,Cash,Pending,2026-02-05
Stacy Watts,toddwalker@example.net,+1-521-687-5990x5691,Europe,New Caledonia,Face,Clothing,245.09,1,245.09,PayPal,Completed,2026-03-05
Erik Wagner,vmills@example.org,+1-268-636-7244x2127,Europe,New Caledonia,Everybody,Sports,167.24,8,1337.92,Credit Card,Completed,2026-04-06
Gary Martin,vrodriguez@example.org,6542988677,North America,Niue,Sing,Home,136.6,2,273.2,PayPal,Cancelled,2026-03-12
Daisy Hood,walkeromar@example.com,818-201-8316,Africa,Belize,Then,Home,212.41,2,424.82,Credit Card,Cancelled,2026-02-11
Kimberly Johnson,mjames@example.net,+1-475-833-6139x74255,Europe,United States Minor Outlying Islands,Carry,Sports,271.2,9,2440.8,Cash,Pending,2026-01-06
Julie Harrison,jasonzhang@example.net,335.745.5486,Asia,Svalbard & Jan Mayen Islands,Society,Clothing,451.82,1,451.82,Credit Card,Completed,2026-01-01
Colin Ferguson,moodyjacob@example.com,459-405-3601x9266,South America,Swaziland,Public,Sports,29.08,6,174.48,Cash,Pending,2026-01-09
Patty Benitez,michael03@example.org,699.951.1861x5238,Asia,Reunion,Tough,Home,382.51,3,1147.53,PayPal,Cancelled,2026-03-02
Denise Martinez,melissaford@example.net,(572)998-5671,South America,Chile,Event,Home,402.92,5,2014.6,Bank Transfer,Completed,2026-03-02
Julia Ramirez,grahammatthew@example.com,+1-453-824-9804x300,Asia,Bangladesh,Nature,Electronics,171.94,2,343.88,Cash,Pending,2026-01-16
Jeffrey Sullivan,yvonne17@example.org,001-239-559-2361x04718,Asia,Ecuador,Order,Clothing,129.47,3,388.41,PayPal,Completed,2026-02-24
Andrew Sherman,philip86@example.com,001-666-415-5065x855,South America,Algeria,Open,Books,305.41,7,2137.87,Bank Transfer,Completed,2026-01-18
Jacqueline Velez,john02@example.com,980.712.0141x3548,North America,Bosnia and Herzegovina,Wind,Home,370.23,9,3332.07,PayPal,Cancelled,2026-01-09
Carol Edwards,vromero@example.net,427.297.0524,Asia,Sao Tome and Principe,Blood,Home,19.95,8,159.6,Credit Card,Pending,2026-02-16
Claire Rice,morasandy@example.com,558.208.2038x8671,Europe,Switzerland,South,Electronics,40.45,9,364.05,Bank Transfer,Completed,2026-02-28
Michael Dalton,ybridges@example.com,(452)905-5912,Africa,Liberia,Teach,Books,116.11,6,696.66,Bank Transfer,Cancelled,2026-01-14
Kendra Bradley,jamiethompson@example.com,383-694-5533x9287,Africa,Suriname,President,Clothing,125.61,3,376.83,Credit Card,Pending,2026-01-26
John Stout,ryan10@example.org,+1-943-387-9861x731,South America,Aruba,Argue,Electronics,478.48,1,478.48,Cash,Pending,2026-02-07
Amanda Boyer,robinsonscott@example.org,(794)727-8330x71955,Asia,Liechtenstein,Performance,Clothing,54.87,7,384.09,Credit Card,Pending,2026-02-06
David Shah,dominique15@example.org,645.942.8509x611,Africa,Bangladesh,Evening,Sports,323.28,8,2586.24,Bank Transfer,Pending,2026-03-20
Travis Lewis,kimnelson@example.org,892-888-1511x1039,Europe,Uzbekistan,Activity,Home,401.12,7,2807.84,PayPal,Cancelled,2026-02-14
Sharon Smith,martinjustin@example.com,(387)886-3045x075,South America,Pakistan,Environmental,Books,111.52,7,780.64,Cash,Completed,2026-01-20
Daniel Finley,ecoleman@example.net,933.770.0153,Africa,Saint Lucia,Land,Books,419.88,2,839.76,PayPal,Completed,2026-02-06
Colleen Hess,maryhill@example.org,(884)996-2830,Africa,Marshall Islands,End,Books,206.79,1,206.79,Cash,Cancelled,2026-04-05
Jenna Sweeney,sean53@example.net,001-974-712-9686x645,Asia,Hungary,Resource,Electronics,330.23,3,990.69,Cash,Cancelled,2026-02-07
Veronica Thomas,travisallen@example.net,610.718.9377x975,Africa,Guinea,Right,Books,378.29,4,1513.16,PayPal,Completed,2026-03-27
Stephanie Morrow,anthonymedina@example.com,766.878.4633x9579,South America,Peru,Something,Home,188.41,3,565.23,Credit Card,Completed,2026-02-12
Justin Garcia,boonerachel@example.com,001-749-423-2241,Asia,Mauritius,Character,Books,428.14,5,2140.7,Credit Card,Pending,2026-01-27
Darren Yates,watkinslisa@example.net,001-710-351-8030x7309,North America,Mexico,Trip,Books,254.89,9,2294.01,Bank Transfer,Completed,2026-03-20
Kathleen Wilcox,thomas65@example.net,+1-613-279-7204x488,Asia,Micronesia,Continue,Books,370.02,7,2590.14,PayPal,Pending,2026-03-06
Jeff Moore,benjamin48@example.net,(401)665-4078,Asia,Nauru,Prevent,Books,89.13,6,534.78,Bank Transfer,Completed,2026-01-20
Susan Thompson,rodneygray@example.org,540.360.2973,North America,New Zealand,They,Clothing,45.21,3,135.63,Credit Card,Completed,2026-03-16
Mr. Jeremiah Fry,tallen@example.com,(672)809-1630x13113,Africa,Turkmenistan,Husband,Clothing,447.54,10,4475.4,PayPal,Completed,2026-01-20
Todd Marshall,davischristopher@example.org,001-624-354-1037x92679,South America,Namibia,Parent,Electronics,97.12,10,971.2,Credit Card,Completed,2026-01-20
Robert Ford,seanholland@example.net,962-919-3999x7078,Africa,Namibia,Billion,Clothing,497.32,3,1491.96,Cash,Cancelled,2026-02-20
Stephen Larson,xwood@example.com,511-296-8724x81711,South America,Uzbekistan,Magazine,Clothing,272.37,3,817.11,Cash,Completed,2026-02-22
Amanda Smith,anita29@example.net,(662)621-7680x22894,Africa,Dominica,Concern,Sports,394.58,1,394.58,PayPal,Completed,2026-03-28
Christian Villarreal,claybridget@example.com,258.472.3872x54876,North America,Brazil,Seat,Electronics,33.31,4,133.24,Bank Transfer,Cancelled,2026-02-01
Daniel Russell,james42@example.com,001-869-288-1774x67944,North America,Martinique,Low,Electronics,86.23,2,172.46,Bank Transfer,Cancelled,2026-02-20
David Thompson,mason97@example.com,544.764.2664,North America,Palestinian Territory,Risk,Books,145.79,1,145.79,Credit Card,Cancelled,2026-02-24
Ashley Crawford,jgardner@example.org,969-428-7629,Africa,Australia,Hand,Clothing,316.85,9,2851.65,Cash,Cancelled,2026-03-05
Jimmy Salas,evanlewis@example.net,338.528.2808,North America,Tunisia,Across,Sports,410.54,5,2052.7,Cash,Cancelled,2026-04-02
Vincent Bates,davislisa@example.net,(448)296-0334x6362,Asia,Barbados,Memory,Sports,367.6,8,2940.8,Credit Card,Cancelled,2026-01-11
William Mcclure,danielleward@example.org,834.412.3796,Europe,Puerto Rico,Arrive,Books,159.95,2,319.9,Cash,Pending,2026-01-23
Teresa Williams,nicholasberger@example.com,+1-588-647-8796x693,North America,Cayman Islands,Course,Books,127.72,8,1021.76,PayPal,Pending,2026-01-31
Brent Wheeler,whernandez@example.com,326.997.9430x3927,Africa,Faroe Islands,Executive,Books,27.08,10,270.8,Credit Card,Cancelled,2026-02-06
Tony Thomas,heidi61@example.com,392.666.6803x1220,Europe,Belgium,History,Sports,165.67,2,331.34,PayPal,Pending,2026-02-20
Jeffrey Fletcher,ycarson@example.com,2682983191,North America,Anguilla,Get,Electronics,67.34,5,336.7,Cash,Cancelled,2026-02-06
Emily Taylor,alvaradotony@example.com,(400)298-5633x2429,Asia,Nigeria,Would,Clothing,484.21,9,4357.89,Cash,Cancelled,2026-02-28
Nicole Reyes,spenceronald@example.net,+1-768-604-7662,North America,Saint Martin,Discussion,Electronics,467.39,4,1869.56,Cash,Cancelled,2026-02-02
Lynn Delgado,nathan09@example.net,694.320.3275x179,Africa,Turkmenistan,Movement,Sports,390.44,6,2342.64,Cash,Completed,2026-01-26
Cynthia Pope,perrybrian@example.com,9664447298,Africa,Egypt,List,Sports,35.01,8,280.08,Cash,Completed,2026-03-06
Katherine Hess,keith73@example.com,(210)314-0727x1118,Africa,Cote d'Ivoire,West,Clothing,389.15,8,3113.2,PayPal,Completed,2026-03-03
Sheryl Nolan MD,scortez@example.com,(867)307-9217x9507,Europe,Kiribati,Level,Books,419.25,1,419.25,Cash,Cancelled,2026-02-01
Wayne Ramirez,brianbarton@example.org,651.359.2651x454,Africa,Hungary,For,Electronics,295.05,6,1770.3,Bank Transfer,Cancelled,2026-01-21
William Clayton,angela58@example.org,336.345.7877,North America,Italy,Imagine,Home,474.93,4,1899.72,Credit Card,Completed,2026-03-11
Jamie Schmidt PhD,jmurphy@example.com,2952820812,Africa,United States Minor Outlying Islands,Site,Sports,377.42,4,1509.68,Bank Transfer,Completed,2026-02-14
Rhonda Reynolds,wilkersonjesse@example.org,001-388-584-1955x7722,Europe,Palestinian Territory,Answer,Sports,47.24,1,47.24,Bank Transfer,Pending,2026-02-18
Jose Baker,kanetanya@example.net,9717395433,South America,Cameroon,Research,Books,75.06,7,525.42,Bank Transfer,Completed,2026-03-25
Jamie English,ginaclark@example.org,620-409-7899x041,Asia,Guyana,Likely,Clothing,149.99,7,1049.93,PayPal,Completed,2026-01-16
Susan Olson,lisa40@example.com,727.209.0026x067,Europe,Israel,Republican,Home,52.73,3,158.19,Cash,Pending,2026-01-29
Jeremiah Romero,hailey40@example.net,315-568-9213,Africa,Kyrgyz Republic,What,Clothing,196.27,2,392.54,Credit Card,Cancelled,2026-01-08
James Aguirre,powellmadeline@example.net,(228)988-1842,Asia,Iceland,Of,Books,156.92,7,1098.44,Cash,Cancelled,2026-04-03
Kent Reese II,elizabethjohnson@example.net,302.777.2549,Asia,Samoa,Our,Electronics,209.06,6,1254.36,PayPal,Completed,2026-01-21
Michael Black,crystal58@example.org,(993)539-9392,Europe,Svalbard & Jan Mayen Islands,Million,Books,67.79,2,135.58,Cash,Cancelled,2026-03-27
Roy Miller,jonescolleen@example.org,345.282.7947,Europe,Morocco,Natural,Electronics,120.33,6,721.98,PayPal,Pending,2026-02-06
Angela Fitzgerald,michelletorres@example.org,(327)203-2626x45980,Asia,Latvia,Director,Electronics,26.02,7,182.14,Bank Transfer,Cancelled,2026-02-05
Melissa Santiago,nathanielwright@example.org,799.627.5651,Europe,Venezuela,Successful,Books,460.22,10,4602.2,Cash,Completed,2026-01-24
Tara Johnson,daniellesmith@example.net,634-213-5588x7489,South America,Trinidad and Tobago,Oil,Sports,256.97,1,256.97,Bank Transfer,Completed,2026-02-01
Jeffrey Santos,justincarroll@example.net,991-350-6456x1912,North America,Venezuela,Forget,Electronics,331.36,4,1325.44,Bank Transfer,Pending,2026-03-17
Lisa Ortiz,tdavies@example.net,385.876.6802x0336,South America,Hungary,Down,Electronics,92.28,9,830.52,Cash,Cancelled,2026-04-01
John Fields,christopher34@example.net,8634126060,Asia,Burundi,System,Books,470.33,6,2821.98,PayPal,Cancelled,2026-02-19
Julian Anderson,andreayala@example.net,(697)207-9655x773,Asia,Finland,Happen,Books,495.85,4,1983.4,Bank Transfer,Cancelled,2026-01-19
Kathleen Griffin,maurice77@example.org,(209)851-4056x21507,Europe,Cocos (Keeling) Islands,Notice,Books,138.03,1,138.03,Cash,Pending,2026-02-01
Bryan Swanson,iharris@example.com,(374)715-5681,Asia,Lithuania,Information,Clothing,410.54,9,3694.86,Cash,Pending,2026-01-23
Wendy Williams,livingstonlindsey@example.net,5274349772,Africa,Palestinian Territory,Sell,Home,396.18,1,396.18,PayPal,Cancelled,2026-03-29
Christian Donovan,slevine@example.com,444-648-3090x1204,South America,Tonga,What,Clothing,204.53,7,1431.71,Cash,Completed,2026-03-24
Sandra Taylor,mccarthytravis@example.org,892.520.5859x2272,Asia,Togo,Wrong,Home,33.66,7,235.62,Credit Card,Pending,2026-02-24
Erin Martinez,huntpeter@example.net,958.858.9304x82509,North America,Spain,Know,Electronics,487.39,2,974.78,Credit Card,Completed,2026-04-07
David Perry,reedholly@example.org,+1-947-706-7543x559,Europe,Kyrgyz Republic,Behind,Books,216.19,5,1080.95,Bank Transfer,Pending,2026-04-09
Gail Jackson,jackrosario@example.org,+1-794-498-9266x19733,North America,Uganda,Tax,Electronics,461.92,4,1847.68,Cash,Completed,2026-03-23
Johnathan Roberson,wyattjulie@example.org,(975)997-3332x3456,Africa,Tunisia,Finally,Home,483.31,7,3383.17,PayPal,Completed,2026-02-06
Mary Murphy,gutierrezmolly@example.net,879.440.7211x86444,Africa,British Virgin Islands,Significant,Home,109.96,6,659.76,Bank Transfer,Completed,2026-01-21
James Fisher,lobrien@example.org,742.470.9731,North America,North Macedonia,Financial,Sports,33.35,4,133.4,PayPal,Cancelled,2026-04-07
Roger Howe DDS,joneschristine@example.com,001-716-740-9621x713,Africa,Tokelau,Short,Books,71.66,4,286.64,Credit Card,Pending,2026-04-08
Samantha Hernandez,sara51@example.com,001-698-786-6525x0707,South America,Saint Vincent and the Grenadines,Half,Sports,137.35,9,1236.15,PayPal,Pending,2026-03-31
Christopher Curtis,csmith@example.org,223-306-7700,North America,Thailand,Half,Books,361.8,1,361.8,Credit Card,Pending,2026-04-06
Terry Williams,megan59@example.org,787-383-9562,Asia,Rwanda,Unit,Clothing,229.66,5,1148.3,PayPal,Cancelled,2026-01-24
Manuel Weaver,rebekah23@example.org,360-311-0002x54539,South America,Aruba,Even,Home,90.37,1,90.37,PayPal,Pending,2026-03-31
Eric Dillon,markmason@example.org,249.694.7155x056,Africa,Palau,Put,Home,139.43,8,1115.44,Bank Transfer,Completed,2026-02-12
Rebecca Mullins,fchapman@example.net,(967)281-0576x652,Africa,Paraguay,Financial,Sports,268.87,4,1075.48,PayPal,Pending,2026-02-04
Cody Wheeler,fuentesmelissa@example.org,(395)732-7745x33429,Africa,Nicaragua,Job,Home,144.0,2,288.0,Cash,Completed,2026-02-20
Gregory Callahan,carlapeters@example.net,+1-412-573-5284x8973,North America,Mozambique,Possible,Electronics,161.99,9,1457.91,Bank Transfer,Pending,2026-02-04
Jessica Armstrong,gmahoney@example.org,001-928-434-1460,South America,Somalia,Tonight,Clothing,300.01,4,1200.04,Credit Card,Pending,2026-03-11
Tyler Walker,warren63@example.org,001-671-572-9825x41811,Europe,North Macedonia,Because,Clothing,482.37,10,4823.7,Cash,Pending,2026-02-25
Carmen Gardner,morrisphilip@example.com,505.695.2406x490,South America,Albania,Little,Home,49.93,3,149.79,Cash,Cancelled,2026-01-22
Christina Hodge,david30@example.net,835.684.0259,Africa,Equatorial Guinea,Wait,Sports,260.57,7,1823.99,Cash,Pending,2026-01-15
Latoya Mitchell,yalexander@example.org,5293940312,South America,Mauritius,Good,Electronics,331.66,2,663.32,PayPal,Pending,2026-03-01
Matthew Jackson,mejiatrevor@example.com,618-986-5581x3769,North America,Brunei Darussalam,Just,Sports,466.16,6,2796.96,Credit Card,Completed,2026-02-24
Valerie Barnes,samuel76@example.org,+1-627-341-2596x58419,Europe,Sierra Leone,White,Electronics,283.05,3,849.15,Bank Transfer,Pending,2026-03-28
Kristen Dean,pcervantes@example.com,571.486.6834x1438,Europe,Ghana,Yard,Clothing,45.13,3,135.39,Credit Card,Pending,2026-04-07
Patricia Chan,sean36@example.com,946-954-6035x4169,North America,Liechtenstein,Girl,Clothing,169.27,8,1354.16,Bank Transfer,Completed,2026-01-02
Michelle Black,anthonystone@example.net,+1-989-777-0295x6148,Europe,Eritrea,Trial,Electronics,115.33,9,1037.97,Bank Transfer,Pending,2026-01-14
Kevin Collier,justinparker@example.net,662-613-6233x2202,Europe,Liechtenstein,Member,Books,328.0,10,3280.0,PayPal,Pending,2026-03-08
Kristen Martin,abigail08@example.net,(461)545-9664x7266,Asia,Andorra,Product,Books,40.04,3,120.12,Cash,Pending,2026-03-10
Jamie Owens,andersonkevin@example.com,477.962.5987x75495,Europe,Zimbabwe,Run,Home,384.43,7,2691.01,PayPal,Pending,2026-02-10
Edward Galvan,baileyloretta@example.org,+1-554-227-8247x590,Africa,Trinidad and Tobago,Claim,Sports,123.77,6,742.62,PayPal,Cancelled,2026-03-20
Loretta Spears,kimberly53@example.com,760-649-0494,South America,Saudi Arabia,Power,Clothing,351.79,1,351.79,Cash,Completed,2026-01-20
Crystal Mitchell,smithdanny@example.org,001-566-310-5939,North America,South Georgia and the South Sandwich Islands,Ever,Home,307.33,9,2765.97,Bank Transfer,Cancelled,2026-02-05
Daniel Shaw,nicholsjodi@example.net,(723)730-0835x780,South America,Ukraine,Responsibility,Electronics,186.64,8,1493.12,Cash,Pending,2026-01-20
Holly Davis,richardpeggy@example.net,651.730.5060x0365,Asia,Botswana,Loss,Clothing,332.82,7,2329.74,Credit Card,Completed,2026-02-21
Jennifer Ingram,vhenderson@example.net,434-366-6363,Asia,Mozambique,May,Home,158.6,5,793.0,PayPal,Cancelled,2026-04-02
Tammy Avery,williamsemily@example.net,545-996-9421x50125,Africa,Rwanda,Threat,Sports,105.69,4,422.76,Bank Transfer,Cancelled,2026-03-05
Rebecca Thompson,frazierjoseph@example.org,5852183464,Africa,Austria,Also,Home,48.59,10,485.9,PayPal,Pending,2026-01-15
Stephanie Wolfe,ilyons@example.net,+1-890-825-4687x66125,Asia,Benin,Mrs,Sports,96.81,3,290.43,Credit Card,Completed,2026-02-28
Lisa Greer,natalie82@example.net,+1-785-732-1387x5844,North America,Ecuador,Officer,Books,43.54,9,391.86,Cash,Pending,2026-01-22
Patricia Vega,gjensen@example.org,821-741-9839x120,North America,Saint Vincent and the Grenadines,None,Home,24.57,6,147.42,PayPal,Pending,2026-01-14
Nicole Williams,ricky69@example.com,767.705.7432x952,Europe,Zimbabwe,Create,Books,255.8,8,2046.4,PayPal,Cancelled,2026-02-05
Joseph Larsen Jr.,ericmiller@example.org,719-543-6232,Africa,Malta,Have,Books,220.59,9,1985.31,Credit Card,Cancelled,2026-01-05
Karen Martinez,annwilliams@example.com,400-953-9091x59911,Europe,Iceland,Amount,Electronics,89.42,10,894.2,Bank Transfer,Cancelled,2026-02-12
Eric Leon,kellymadden@example.net,6757321108,North America,Oman,All,Clothing,306.15,8,2449.2,Credit Card,Cancelled,2026-04-08
Darlene Williams,denise25@example.net,466-340-8433x216,Africa,Myanmar,Box,Books,431.11,2,862.22,Cash,Cancelled,2026-01-22
Seth Edwards,millerallen@example.net,+1-293-652-8396x88456,Asia,Kiribati,Explain,Electronics,319.35,3,958.05,Cash,Completed,2026-02-18
Alexis Taylor,richardschmidt@example.net,(683)920-9638x6650,Africa,Netherlands Antilles,Ever,Books,188.06,3,564.18,Credit Card,Completed,2026-01-19
Joseph Sharp,ghubbard@example.net,(358)853-6578x09522,Asia,Moldova,Address,Clothing,83.31,6,499.86,PayPal,Completed,2026-01-19
Matthew Rios,kathrynlopez@example.com,3987113503,Europe,Saudi Arabia,They,Books,365.73,6,2194.38,PayPal,Cancelled,2026-03-26
Christina Vargas,edean@example.com,883.973.5854x9852,North America,Trinidad and Tobago,Enjoy,Sports,17.87,1,17.87,Cash,Pending,2026-03-16
Michael Williams,tparsons@example.net,698.781.8457x052,South America,Singapore,Fund,Electronics,75.52,9,679.68,Cash,Completed,2026-02-20
Robert Horton,ycrawford@example.net,958-475-4889,Africa,British Indian Ocean Territory (Chagos Archipelago),Difficult,Home,140.24,3,420.72,Bank Transfer,Cancelled,2026-04-02
Marissa Crane,nelsonronald@example.org,(794)302-2771x6227,Africa,Mali,Fall,Sports,367.14,1,367.14,Bank Transfer,Cancelled,2026-04-05
Madison Jenkins,kelseymyers@example.org,+1-385-261-0400x334,South America,Niue,Ground,Electronics,330.12,3,990.36,Credit Card,Completed,2026-03-28
Kelly Jefferson,clarkpatrick@example.net,001-758-435-2653x960,Europe,Rwanda,Recognize,Clothing,208.9,10,2089.0,Cash,Completed,2026-03-16
William Norman,jessica45@example.org,566.429.8160x307,North America,Greenland,Republican,Home,156.77,3,470.31,Bank Transfer,Pending,2026-02-03
Ryan Green,owenstimothy@example.com,363.900.0887,Africa,Ireland,Option,Home,282.93,4,1131.72,Bank Transfer,Pending,2026-03-20
Barbara Simmons,hernandezangelica@example.org,(920)486-5571,Europe,Palestinian Territory,Three,Electronics,444.34,3,1333.02,PayPal,Cancelled,2026-02-24
Matthew Becker,ronald19@example.com,+1-867-520-0121x3273,Asia,Cyprus,Happy,Electronics,57.45,1,57.45,Credit Card,Cancelled,2026-03-09
Amy Gray,kara73@example.net,+1-552-532-9973,North America,Saint Kitts and Nevis,Stock,Books,321.15,1,321.15,PayPal,Cancelled,2026-03-31
Lisa Lane,zarmstrong@example.net,+1-663-326-4171x912,North America,Suriname,Future,Books,31.83,9,286.47,Credit Card,Cancelled,2026-02-23
Vickie Jackson,dianeallen@example.com,001-292-297-3014x96089,North America,Lithuania,Almost,Home,55.25,4,221.0,Credit Card,Cancelled,2026-01-19
Christian Grant,yevans@example.com,988.448.9523x576,Asia,Tunisia,Challenge,Books,128.56,5,642.8,Bank Transfer,Pending,2026-01-19
Stacey Wang,edwardrodriguez@example.org,325-669-4480x96024,Europe,Saint Lucia,Allow,Electronics,250.27,6,1501.62,Credit Card,Cancelled,2026-02-15
Chelsea Yang,wardkaren@example.net,681.580.4933,South America,Latvia,Experience,Home,99.05,8,792.4,Credit Card,Pending,2026-04-04
Michael Williams,usolis@example.com,+1-684-626-3670,Africa,Fiji,Another,Electronics,223.68,10,2236.8,Bank Transfer,Pending,2026-01-05
Michael Suarez,igregory@example.net,2022611093,Asia,Netherlands,Individual,Electronics,136.45,9,1228.05,Bank Transfer,Cancelled,2026-02-22
Michael Floyd,timothybauer@example.org,001-732-765-0487x783,South America,Paraguay,Card,Electronics,429.19,8,3433.52,Credit Card,Completed,2026-02-25
Michael Todd,wwashington@example.com,4225052306,Africa,New Zealand,Clear,Clothing,403.92,8,3231.36,Credit Card,Pending,2026-01-16
Ryan Riley,martinleroy@example.net,753-887-6471,Europe,Bahrain,Top,Home,72.7,8,581.6,Bank Transfer,Pending,2026-03-24
Elizabeth Maddox,ramosjuan@example.com,001-375-873-2176x5519,Asia,Somalia,Television,Books,323.62,5,1618.1,Bank Transfer,Completed,2026-03-14
Joshua Castillo,michaelcastaneda@example.com,922-997-4738x1121,Europe,Mongolia,Fund,Sports,39.25,8,314.0,PayPal,Cancelled,2026-02-02
Victor Russo,jenny34@example.net,771.732.4303x2419,North America,Colombia,House,Home,275.67,6,1654.02,Credit Card,Pending,2026-03-07
Elizabeth Johnson MD,christopher63@example.org,(702)936-8606x1348,South America,Jamaica,Eat,Electronics,348.15,9,3133.35,PayPal,Cancelled,2026-03-09
Diana Fischer,snowdana@example.net,001-385-524-0128,Africa,Western Sahara,Bring,Home,343.12,5,1715.6,Cash,Completed,2026-02-21
Sean Bridges,vazquezsarah@example.com,(976)820-7079,Asia,Guinea,Everything,Electronics,175.71,1,175.71,Bank Transfer,Pending,2026-01-23
Kathy Holland,thomas82@example.com,001-227-997-6770x373,Asia,United States of America,Military,Books,408.04,10,4080.4,PayPal,Completed,2026-02-25
Jason Fields,nguyenleslie@example.com,669.595.7419x48898,South America,Hong Kong,Will,Electronics,273.87,6,1643.22,PayPal,Pending,2026-04-02
Alan Leon,lindawilliams@example.com,(935)539-3169,South America,Bulgaria,Able,Sports,406.09,3,1218.27,Bank Transfer,Completed,2026-04-05
Joel King,natashahunter@example.net,708.651.9759,Europe,Malta,Lot,Electronics,490.23,6,2941.38,PayPal,Cancelled,2026-02-07
Lisa Neal,josephparks@example.org,(978)265-0503,North America,Zambia,Student,Electronics,404.66,2,809.32,Bank Transfer,Completed,2026-02-16
Vincent Johnson,garciabrittany@example.com,840.417.5038,North America,Mexico,Run,Sports,491.47,6,2948.82,Bank Transfer,Completed,2026-03-08
Bruce Ellis,bowmanmichelle@example.com,4136164186,North America,Thailand,Democratic,Sports,345.17,10,3451.7,Bank Transfer,Pending,2026-02-28
Mario Jackson,jeremywise@example.com,001-380-543-4365x646,South America,Svalbard & Jan Mayen Islands,Local,Books,494.45,9,4450.05,PayPal,Completed,2026-02-18
Meghan Bryant,strongbenjamin@example.net,+1-709-929-7123,North America,Spain,Former,Books,162.1,7,1134.7,Cash,Pending,2026-02-15
Suzanne Hopkins,berryadam@example.org,980.209.9092x6209,Asia,Myanmar,Free,Electronics,461.27,6,2767.62,Credit Card,Completed,2026-03-27
Carlos Lee,joeljohnston@example.net,625-702-7887x9846,South America,Iraq,Fish,Books,103.42,6,620.52,Cash,Pending,2026-01-23
Douglas Gonzalez,judygill@example.net,879.665.5318,North America,Ireland,Bit,Home,476.03,6,2856.18,Bank Transfer,Completed,2026-01-09
Thomas Barnes,lcoffey@example.com,+1-467-954-7029x5928,Africa,Belarus,Office,Electronics,138.67,7,970.69,Cash,Completed,2026-03-30
Elizabeth Harris,jonesjohn@example.net,(864)303-7315,North America,Reunion,Must,Clothing,213.95,10,2139.5,Bank Transfer,Cancelled,2026-02-24
Jason Davidson,danielferguson@example.com,6138287386,South America,Saudi Arabia,Itself,Home,170.14,5,850.7,Credit Card,Cancelled,2026-03-16
Stephanie Travis,loganmisty@example.org,769.747.8104x1619,Africa,Bulgaria,This,Books,120.24,1,120.24,PayPal,Completed,2026-04-03
Justin Clark,michael53@example.org,+1-868-872-3509x35451,North America,Sierra Leone,Budget,Books,57.18,6,343.08,Credit Card,Cancelled,2026-04-09
Jacob Arroyo,mejiaeduardo@example.com,628-586-7285x88127,South America,British Indian Ocean Territory (Chagos Archipelago),Woman,Electronics,440.79,10,4407.9,PayPal,Completed,2026-01-31
Terrance Taylor,yelliott@example.org,412.727.9629x8651,Asia,Guam,Manager,Books,88.01,10,880.1,Cash,Cancelled,2026-04-09
Scott Sanchez,butlerchristina@example.net,(900)924-7503,South America,Congo,Top,Clothing,269.2,6,1615.2,Bank Transfer,Pending,2026-03-25
Glenn Norris,jasonhayes@example.org,801-630-4234x157,South America,Slovakia (Slovak Republic),Matter,Sports,408.49,8,3267.92,Cash,Pending,2026-01-17
Lauren Ortiz,charlesclark@example.org,+1-671-498-7493x17036,Europe,Peru,Congress,Sports,302.31,1,302.31,Credit Card,Pending,2026-03-20
Christopher Kelly,richardadams@example.net,(870)826-6997x47741,North America,Nigeria,Small,Sports,246.31,6,1477.86,Bank Transfer,Cancelled,2026-03-08
Dominic Garcia,cbowen@example.org,4655018937,Africa,Namibia,Member,Sports,85.59,6,513.54,Bank Transfer,Cancelled,2026-02-07
Randy Hall,daniellittle@example.net,(346)804-1816x44428,Asia,Cambodia,Then,Clothing,46.27,5,231.35,Cash,Cancelled,2026-04-07
Kenneth Johnson,ramirezpatricia@example.org,001-365-651-9498x7370,South America,Venezuela,Side,Home,92.38,7,646.66,PayPal,Pending,2026-03-03
Zachary Bush,wolfsarah@example.com,321.566.5784,Europe,Israel,Law,Books,227.05,5,1135.25,Cash,Completed,2026-01-06
Joe Decker,wjohnson@example.com,001-628-942-4921x4113,Asia,Grenada,Maybe,Sports,411.61,10,4116.1,Cash,Completed,2026-01-04
Jason Berg,vschmidt@example.org,236.783.5528x643,Asia,Iraq,Past,Electronics,51.68,10,516.8,Cash,Completed,2026-02-20
Sarah Stewart,katherine69@example.com,001-897-935-7226x22237,Asia,Bermuda,Sit,Home,179.11,4,716.44,Bank Transfer,Pending,2026-03-17
Dean Phelps,tsingleton@example.com,001-484-278-7956x634,North America,Belize,Order,Books,251.38,4,1005.52,Bank Transfer,Completed,2026-01-26
Mrs. Nicole Stone,kjones@example.com,747-422-7038x2085,Asia,Netherlands,Piece,Sports,481.64,7,3371.48,Credit Card,Cancelled,2026-01-09
Thomas Thornton,jennifersanchez@example.net,001-527-872-0172x0957,Africa,Nicaragua,Over,Clothing,18.54,6,111.24,Bank Transfer,Completed,2026-04-05
Taylor Miller,grantaaron@example.com,(543)793-2017,Africa,Russian Federation,Like,Sports,230.52,2,461.04,Cash,Pending,2026-03-02
Benjamin Wallace,huangchad@example.net,001-326-935-7108x355,Africa,Honduras,Very,Sports,425.35,7,2977.45,Cash,Pending,2026-02-23
Michele Mcmahon,cheryl35@example.com,225-693-0055x08414,South America,Paraguay,Difference,Home,295.22,2,590.44,Cash,Cancelled,2026-01-21
Taylor Sanchez,barbarabanks@example.net,8808006932,Africa,United Arab Emirates,Friend,Books,414.83,1,414.83,Cash,Completed,2026-03-24
Julie Khan,brooke48@example.com,244-959-8151x31171,Europe,India,Front,Clothing,402.87,10,4028.7,Cash,Completed,2026-03-27
William Montoya,mhubbard@example.net,(344)674-9814x2233,North America,Tokelau,Miss,Sports,427.38,4,1709.52,Cash,Cancelled,2026-01-17
Jason Vega,david26@example.net,407-635-4578,Asia,Benin,Blue,Books,250.23,3,750.69,Bank Transfer,Cancelled,2026-04-08
Charles Barr,amy62@example.net,(618)628-3466,South America,Congo,Various,Books,33.55,6,201.3,PayPal,Cancelled,2026-01-01
Sandra Rangel,werickson@example.net,(716)842-4244x95137,Africa,Netherlands,Space,Home,472.45,9,4252.05,Bank Transfer,Cancelled,2026-01-23
Linda Swanson,silvajohn@example.org,001-993-450-1717x49956,Europe,Peru,Question,Electronics,24.67,5,123.35,Cash,Cancelled,2026-02-25
Carlos Richards,williamchandler@example.org,001-809-209-6922,Africa,Finland,Lose,Electronics,128.83,2,257.66,Credit Card,Cancelled,2026-01-09
Caitlyn Clark,mitchelljones@example.com,814.366.8528x57508,Europe,Togo,Much,Clothing,188.68,1,188.68,Cash,Pending,2026-03-04
Randy Ingram,ricky67@example.net,3353398757,South America,Vanuatu,Bank,Clothing,117.46,3,352.38,Bank Transfer,Pending,2026-03-26
Megan Kane,qhowell@example.org,(980)636-7692x2763,Asia,Lesotho,Last,Home,407.17,3,1221.51,Bank Transfer,Completed,2026-01-14
Dale Rodriguez,yfrost@example.com,+1-587-616-7764x40776,North America,Seychelles,Group,Books,318.06,8,2544.48,Bank Transfer,Completed,2026-01-06
Zoe Miller,pmiller@example.net,4725428558,South America,Dominican Republic,Reflect,Clothing,131.38,4,525.52,Credit Card,Completed,2026-01-06
Gary Meyer Jr.,turnertimothy@example.net,411-581-1820,Asia,Swaziland,Project,Clothing,231.59,9,2084.31,Bank Transfer,Pending,2026-01-26
Briana Wright,sara31@example.com,644-975-9122x662,South America,Burundi,Begin,Clothing,234.68,10,2346.8,Bank Transfer,Cancelled,2026-04-01
Heidi Nguyen,melendeztony@example.com,952-879-8489x9844,North America,Iceland,Future,Electronics,80.84,10,808.4,Credit Card,Pending,2026-01-28
Mrs. Terri Todd,smithadrian@example.net,279-739-0459,South America,Burkina Faso,Hope,Books,334.13,3,1002.39,Credit Card,Cancelled,2026-04-04
Kathleen Dodson,ggoodwin@example.net,+1-440-406-4038x3890,North America,Canada,Benefit,Clothing,23.44,6,140.64,Credit Card,Completed,2026-03-02
Jeffrey Dunlap,rayscott@example.com,5974585439,Asia,Lao People's Democratic Republic,Look,Sports,377.86,3,1133.58,Bank Transfer,Pending,2026-01-02
Cameron Escobar,apotter@example.net,2305066835,Europe,Rwanda,Imagine,Sports,294.69,4,1178.76,PayPal,Completed,2026-01-10
Lindsey Mullins,mcconnellgregory@example.org,+1-337-909-5827x13577,Asia,Zimbabwe,Style,Home,249.36,3,748.08,Bank Transfer,Cancelled,2026-03-22
Nicholas Green,williamsbradley@example.net,(216)845-9718x62510,North America,Western Sahara,Usually,Electronics,467.19,5,2335.95,Credit Card,Pending,2026-01-26
Hector Waters,currysamuel@example.net,(494)890-2383,North America,Chad,Onto,Sports,356.62,2,713.24,PayPal,Pending,2026-02-11
Stephanie Simpson,coreywhitehead@example.com,679.549.1383x4819,Africa,Bahrain,Executive,Clothing,486.4,4,1945.6,Cash,Cancelled,2026-01-05
Miguel Gonzales,michaelray@example.org,(938)353-3328,North America,Togo,Partner,Sports,264.66,6,1587.96,Cash,Pending,2026-03-30
Karen Martin,crystal94@example.net,001-891-208-0357x5515,Africa,Marshall Islands,Think,Sports,390.02,4,1560.08,Bank Transfer,Pending,2026-02-16
Kristine Allen,alyssa03@example.com,+1-560-795-8416,North America,Hong Kong,Change,Clothing,222.3,2,444.6,PayPal,Completed,2026-03-06
Patrick Carr,taylorthomas@example.net,(995)555-1519x6199,Asia,Eritrea,Hair,Home,25.36,1,25.36,Cash,Pending,2026-04-08
Kevin Barnett,bryanroberts@example.net,732-282-6521,Asia,Myanmar,Mouth,Books,146.6,3,439.8,Cash,Completed,2026-01-07
Crystal Mcdonald,morgankathy@example.net,001-664-910-9172x407,Europe,Cayman Islands,Finish,Books,402.88,1,402.88,Credit Card,Completed,2026-01-23
Kimberly Alexander,brian38@example.net,2289597517,South America,Saint Vincent and the Grenadines,Other,Electronics,411.18,3,1233.54,Cash,Cancelled,2026-02-22
Nicholas Armstrong,amcdowell@example.org,8386071631,Europe,Saint Kitts and Nevis,Why,Electronics,84.2,6,505.2,PayPal,Completed,2026-01-16
Scott Wall,hernandezrichard@example.com,(484)482-4835x5469,South America,Svalbard & Jan Mayen Islands,Idea,Electronics,254.17,9,2287.53,Credit Card,Pending,2026-02-18
Elizabeth Jimenez,michaelsarah@example.com,2366162110,South America,Slovakia (Slovak Republic),So,Electronics,315.78,2,631.56,Credit Card,Completed,2026-01-28
Jonathan Burton,kallen@example.net,737.473.6659,Asia,French Polynesia,Agency,Books,421.33,1,421.33,Cash,Pending,2026-02-04
Mark Harvey DVM,lrios@example.net,(761)399-8377,North America,Greenland,Interest,Books,188.89,1,188.89,Credit Card,Completed,2026-02-03
Joyce Chase,melodystewart@example.net,811-705-5261x883,North America,Nauru,See,Clothing,296.51,10,2965.1,Bank Transfer,Cancelled,2026-03-07
Matthew Lucas,owaters@example.com,230.488.7874,North America,Saint Pierre and Miquelon,Defense,Home,237.75,4,951.0,Credit Card,Cancelled,2026-04-01
Andrew Avila,andersonjamie@example.net,+1-716-563-9416x587,South America,Seychelles,Point,Electronics,472.43,2,944.86,Cash,Completed,2026-01-16
Kimberly Leonard,markwebster@example.net,804.947.1064x042,Europe,Japan,Marriage,Clothing,84.39,7,590.73,PayPal,Pending,2026-03-05
Dana Hoffman,martinezjenny@example.com,+1-540-397-5400x93024,Asia,Saint Pierre and Miquelon,Hour,Home,316.53,4,1266.12,Cash,Completed,2026-02-12
Donna Martinez,wjohnson@example.com,(831)292-5947x28446,North America,Suriname,Officer,Electronics,21.95,10,219.5,PayPal,Completed,2026-03-15
Jordan Wilson,thomascolin@example.org,(333)749-2767,Asia,Cambodia,One,Electronics,363.82,10,3638.2,Cash,Completed,2026-03-03
Julie Finley,djimenez@example.org,+1-373-879-1845x1278,Asia,Ghana,Option,Electronics,358.6,6,2151.6,Credit Card,Completed,2026-04-08
Mary Colon,amy83@example.com,001-352-519-6735x1962,North America,France,Inside,Electronics,356.63,4,1426.52,Bank Transfer,Pending,2026-02-19
Edward Key DVM,mayrachel@example.org,213.495.3528x31893,Africa,Morocco,Plant,Electronics,144.93,4,579.72,PayPal,Pending,2026-01-24
Mr. Alexander Davis,phelpsariana@example.org,(840)345-2890x74909,Europe,Liechtenstein,Door,Clothing,189.3,3,567.9,Credit Card,Completed,2026-03-03
Louis Powers,scott04@example.net,+1-329-506-7874x59877,North America,Cocos (Keeling) Islands,Field,Clothing,19.64,7,137.48,Cash,Completed,2026-02-01
Felicia Hoffman,ystevenson@example.net,647.357.2327x6705,Asia,Sierra Leone,Begin,Electronics,495.01,10,4950.1,PayPal,Pending,2026-01-19
Paula Le,randyphelps@example.org,518.526.8056x2298,Africa,United States Virgin Islands,Before,Electronics,170.84,2,341.68,Credit Card,Pending,2026-02-18
Alex Ross,yandrews@example.net,978.888.9150x0149,Africa,Trinidad and Tobago,Movie,Clothing,48.35,5,241.75,Bank Transfer,Cancelled,2026-04-05
Erica Gonzalez,nanthony@example.com,301.218.9031x180,Europe,Saint Barthelemy,Occur,Home,119.4,9,1074.6,PayPal,Cancelled,2026-03-09
Robert Nelson,bellderek@example.org,+1-845-849-9852,South America,Saint Vincent and the Grenadines,Case,Sports,336.97,10,3369.7,PayPal,Cancelled,2026-03-19
Rachel Villa,paultate@example.net,+1-692-338-5819x357,Asia,Bahamas,Without,Electronics,265.15,9,2386.35,Bank Transfer,Completed,2026-02-06
Christine Klein,christopher72@example.net,682-312-3602x6663,North America,Guatemala,Contain,Books,196.98,10,1969.8,Credit Card,Completed,2026-01-09
Matthew Hayes,ellen24@example.org,433-261-2866x0153,South America,Fiji,Buy,Clothing,29.57,7,206.99,PayPal,Completed,2026-02-22
Chelsea Daniels,lwilliamson@example.com,792.533.5320x699,North America,Romania,Head,Books,34.6,2,69.2,Bank Transfer,Cancelled,2026-02-22
Patrick Martinez,rbruce@example.net,2245593007,South America,American Samoa,Race,Electronics,361.97,2,723.94,Credit Card,Completed,2026-01-10
Carlos Logan,nicholasthomas@example.org,(856)369-7471,North America,New Caledonia,Road,Electronics,130.85,5,654.25,Bank Transfer,Cancelled,2026-02-15
Alexandra Becker,hsmith@example.net,001-971-847-4034,Europe,Algeria,Property,Home,235.83,1,235.83,Credit Card,Cancelled,2026-03-29
Jennifer Buck,tyler29@example.org,001-988-786-5705x2783,North America,Denmark,Common,Sports,434.74,10,4347.4,Bank Transfer,Completed,2026-03-14
Alex Gould,lyonscindy@example.org,302-520-4094x560,South America,Canada,Clear,Sports,288.7,4,1154.8,Cash,Cancelled,2026-03-02
James Peters,jasongomez@example.com,+1-825-773-7693x821,South America,Cuba,Sign,Clothing,179.48,4,717.92,PayPal,Pending,2026-03-10
Mark Garner,rbrown@example.com,956.263.7703,North America,Armenia,Pull,Sports,210.43,6,1262.58,Credit Card,Pending,2026-03-12
Peter Hartman,marquezshawn@example.net,(953)572-4575x98489,Asia,Morocco,Plant,Clothing,441.2,10,4412.0,Bank Transfer,Pending,2026-01-28
Bonnie Gonzalez,gonzalezroger@example.org,863-225-0257x345,South America,Malta,Job,Sports,146.82,8,1174.56,Bank Transfer,Pending,2026-02-17
Justin Harris,billysantiago@example.org,001-363-357-5064x4713,Asia,Slovenia,Natural,Books,93.9,5,469.5,PayPal,Pending,2026-02-03
Alec Wade,smallkimberly@example.net,733-736-4408x513,Africa,Romania,Consumer,Home,318.86,2,637.72,Bank Transfer,Completed,2026-01-11
Kimberly Cole,pameladavis@example.net,+1-895-760-1904x71462,Europe,Panama,Message,Sports,236.16,3,708.48,PayPal,Completed,2026-02-08
Charles Powell,glennsmith@example.com,9218410551,Africa,Namibia,Yes,Books,382.44,6,2294.64,Cash,Pending,2026-01-07
Pamela Novak,marcjames@example.net,468-316-9342x57870,Africa,Somalia,Smile,Clothing,33.81,3,101.43,Bank Transfer,Cancelled,2026-04-06
Martha Garcia,kimberly75@example.net,(464)348-0942,Asia,Oman,Technology,Books,491.96,2,983.92,Bank Transfer,Pending,2026-03-12
Gary Harrison,richardsjames@example.net,904.615.4743,North America,Ghana,Head,Sports,421.22,1,421.22,Bank Transfer,Cancelled,2026-01-12
Amanda Hernandez,ntucker@example.com,370-539-1919,Africa,Swaziland,Behavior,Home,352.57,7,2467.99,PayPal,Cancelled,2026-01-18
Theresa Griffin,contrerasleah@example.org,(247)672-1680x20862,Europe,Finland,Common,Electronics,22.27,4,89.08,Credit Card,Completed,2026-01-22
Jeffrey Mills,paige35@example.org,376-637-7669x299,Asia,India,Offer,Sports,285.44,5,1427.2,Cash,Pending,2026-02-28
Haley Mendoza,joycejerome@example.com,831.821.3868x859,North America,San Marino,Create,Clothing,450.3,5,2251.5,Bank Transfer,Completed,2026-02-24
Katelyn Reyes,davidfletcher@example.com,504-837-4008x0345,North America,Bangladesh,Real,Sports,427.43,3,1282.29,PayPal,Completed,2026-02-08
Angela Butler,nicholas06@example.org,6175294791,North America,Paraguay,Nation,Books,316.72,9,2850.48,Cash,Cancelled,2026-01-04
Joseph Lewis,veronicapearson@example.net,(417)562-5177x4595,North America,United Arab Emirates,In,Sports,268.64,8,2149.12,Cash,Cancelled,2026-01-10
Lisa Smith,daisy83@example.org,001-444-578-9963,Europe,Faroe Islands,Choose,Home,136.25,4,545.0,Bank Transfer,Cancelled,2026-04-04
Kathy Beck,lauriemorrison@example.com,(998)242-3094x32758,North America,Bahamas,Community,Clothing,248.71,1,248.71,Credit Card,Cancelled,2026-02-02
Joel Robinson,rodgerslinda@example.com,541-822-5849x5728,Europe,Mongolia,Attention,Books,185.23,4,740.92,Cash,Completed,2026-04-03
Colleen Joseph,tamara06@example.org,+1-337-355-7030,South America,Venezuela,Radio,Books,436.29,9,3926.61,Bank Transfer,Pending,2026-03-12
Brittney Doyle,aaron92@example.org,(886)829-6704x20555,North America,Jamaica,Election,Home,361.56,3,1084.68,Bank Transfer,Pending,2026-04-07
Sierra Richardson,josephdonovan@example.net,540-412-0300,Africa,Chile,Agent,Electronics,419.97,5,2099.85,PayPal,Completed,2026-02-14
Carolyn Walker,sarah57@example.org,001-257-780-4107,North America,Albania,Wonder,Books,423.91,2,847.82,PayPal,Pending,2026-01-29
Francisco Robinson,upowell@example.org,(894)522-4587,Africa,Kyrgyz Republic,Film,Sports,267.05,3,801.15,PayPal,Pending,2026-01-01
Martin Ellis,ryan21@example.net,858-449-0092x2497,South America,Christmas Island,Along,Sports,61.88,5,309.4,PayPal,Cancelled,2026-01-02
Sharon Gibbs,yrobinson@example.org,5074254238,Asia,Wallis and Futuna,Network,Electronics,467.13,1,467.13,Cash,Cancelled,2026-02-27
Mackenzie Kane,mcconnelldenise@example.org,802.696.9268x32615,North America,Algeria,White,Books,17.74,3,53.22,PayPal,Pending,2026-01-24
Brenda Warren,sharpamy@example.com,001-500-439-8674x8367,Africa,Congo,Of,Sports,105.83,9,952.47,Bank Transfer,Cancelled,2026-01-15
Brian Rios,laurapayne@example.com,669-987-1926,Europe,Montenegro,Yet,Books,488.13,1,488.13,PayPal,Completed,2026-01-12
Robert Gutierrez,georgejames@example.net,001-690-464-6801x48777,South America,Sri Lanka,Hot,Sports,100.22,5,501.1,Cash,Cancelled,2026-01-06
Brittany Russell,harrisjennifer@example.com,001-553-314-5286,South America,Martinique,Writer,Sports,387.55,4,1550.2,PayPal,Pending,2026-01-28
Benjamin Rowland PhD,katherine98@example.net,625.900.7188,North America,Eritrea,Effort,Sports,41.85,10,418.5,PayPal,Pending,2026-03-13
Jeremy Hill,lindsay96@example.org,(851)774-0516x468,South America,Turks and Caicos Islands,Any,Books,457.91,2,915.82,Cash,Pending,2026-01-15
Daniel Brown,washingtonshannon@example.org,(210)828-4559x0422,Africa,Syrian Arab Republic,Hope,Electronics,446.12,2,892.24,Bank Transfer,Completed,2026-01-17
Michele Williamson,awalker@example.net,250-434-7269,North America,French Guiana,Job,Clothing,218.09,6,1308.54,Credit Card,Cancelled,2026-02-06
Jo Coleman,grahamvincent@example.org,+1-328-201-9026,Africa,Tonga,Sing,Sports,325.16,1,325.16,Bank Transfer,Cancelled,2026-01-08
Emily Campbell,shannonpeck@example.org,595-200-0470,South America,French Polynesia,Minute,Books,229.49,8,1835.92,Credit Card,Cancelled,2026-02-17
David Johnson,riddlekyle@example.net,537-639-3178x350,Europe,Cuba,Scene,Books,272.25,3,816.75,Bank Transfer,Cancelled,2026-02-22
Charlene Hayes,scott78@example.com,912.516.8268,Asia,Saint Martin,Beat,Sports,333.15,3,999.45,Bank Transfer,Completed,2026-01-02
Brian Johnson,aprillittle@example.net,273.502.6500,Europe,Cuba,Have,Electronics,188.21,4,752.84,Bank Transfer,Completed,2026-01-05
Juan Krause,paul71@example.com,(336)264-0525,North America,Central African Republic,Condition,Home,498.24,3,1494.72,Bank Transfer,Cancelled,2026-04-04
Jeffrey Morris,veronica15@example.net,8126283474,North America,Mongolia,Easy,Clothing,205.85,1,205.85,PayPal,Completed,2026-02-12
Anthony Thompson,phamjody@example.net,563-739-2512x447,Europe,Guyana,Both,Books,91.58,7,641.06,Bank Transfer,Completed,2026-03-17
Ashley Jones,fdavis@example.net,001-740-827-0414x793,North America,Comoros,Improve,Electronics,29.18,3,87.54,Credit Card,Cancelled,2026-01-17
Michael Russell,ltaylor@example.org,247-494-9476x86417,North America,Romania,Member,Home,357.54,5,1787.7,Cash,Pending,2026-02-09
Veronica Logan,gainescarl@example.com,001-635-870-1420x55346,Africa,Slovakia (Slovak Republic),Federal,Sports,163.49,5,817.45,Credit Card,Cancelled,2026-01-21
Karen Kirby,bwright@example.net,837-995-1200,Europe,India,Alone,Clothing,391.19,5,1955.95,Credit Card,Completed,2026-03-13
Michael Moses,kennedyscott@example.net,657.730.8133x2377,North America,Fiji,Us,Sports,249.64,9,2246.76,PayPal,Completed,2026-01-02
Cory Key,vfoster@example.net,630-701-2766x28804,Europe,Niue,Population,Books,454.85,10,4548.5,Bank Transfer,Completed,2026-01-08
Richard Vasquez,bishoprobert@example.com,001-299-786-2652x9557,North America,Cyprus,Fast,Books,456.19,10,4561.9,PayPal,Completed,2026-03-13
Nicholas Graham,thomaserica@example.net,001-426-576-1612x40813,South America,Costa Rica,Case,Clothing,304.83,5,1524.15,Cash,Pending,2026-02-08
Greg Espinoza,victorchapman@example.com,+1-678-642-5054x8529,South America,Guinea,Time,Clothing,454.78,4,1819.12,Bank Transfer,Cancelled,2026-01-14
Crystal Martinez,mariabarrett@example.org,(722)901-0533,South America,Sudan,Outside,Home,382.73,3,1148.19,Credit Card,Cancelled,2026-01-19
Tiffany Thompson,henrykimberly@example.net,634-471-1768,Africa,Saint Kitts and Nevis,Quite,Clothing,399.23,10,3992.3,Bank Transfer,Completed,2026-03-13
Tammy Cain,christophermolina@example.net,439.976.0432,Europe,Mexico,State,Sports,425.07,8,3400.56,Credit Card,Pending,2026-04-05
Stephanie Black,paynedaniel@example.org,6162359908,Asia,Antigua and Barbuda,Bad,Electronics,402.68,2,805.36,PayPal,Cancelled,2026-01-29
Carolyn Anderson,brandon31@example.net,+1-723-882-2280x00153,Europe,Portugal,Anything,Books,16.11,6,96.66,Bank Transfer,Cancelled,2026-01-16
Kathleen Henderson,colemarie@example.com,927-625-0989x7571,Africa,Kiribati,Professor,Electronics,381.18,4,1524.72,Cash,Pending,2026-02-19
James Williams,cassandra45@example.org,239.367.5039x45592,North America,Turks and Caicos Islands,Amount,Clothing,434.58,2,869.16,Cash,Cancelled,2026-03-05
Curtis Perez,tjohnson@example.org,(499)618-9528,North America,Serbia,Shoulder,Electronics,283.89,10,2838.9,PayPal,Cancelled,2026-01-22
Meghan Bush,rdouglas@example.net,(537)667-3439,Africa,United Arab Emirates,Scene,Sports,397.03,5,1985.15,Credit Card,Pending,2026-01-31
Ryan Cox,hramirez@example.org,(508)299-9484x200,Africa,Grenada,Mother,Home,423.92,4,1695.68,Cash,Completed,2026-01-04
Timothy Smith,erica18@example.org,+1-221-411-6700x1085,Africa,Sudan,Foot,Home,235.93,7,1651.51,PayPal,Completed,2026-02-23
Natalie Smith,crossmargaret@example.net,(620)512-2769,Asia,Samoa,Help,Sports,222.99,8,1783.92,Cash,Cancelled,2026-03-01
Emma Bailey,osparks@example.com,996-820-5148,South America,United States Virgin Islands,Mrs,Clothing,227.93,9,2051.37,Cash,Pending,2026-02-18
Shannon Smith,nicole78@example.org,292.331.9997x2573,Asia,Taiwan,General,Home,402.25,5,2011.25,Credit Card,Cancelled,2026-03-28
Dustin Sharp,hilljeff@example.net,(571)457-6625x030,South America,Greece,Agreement,Clothing,107.1,8,856.8,Cash,Completed,2026-02-15
Steven Meyer,pam06@example.net,+1-229-973-1439x51933,North America,Uganda,Buy,Clothing,283.55,6,1701.3,Bank Transfer,Completed,2026-03-04
Michelle Moore MD,christopherstewart@example.com,+1-739-724-2464x32811,Asia,Cook Islands,Degree,Home,19.04,5,95.2,Credit Card,Completed,2026-03-15
Caitlin Lane,adkinscarrie@example.com,(957)463-9455,Africa,Rwanda,Win,Sports,250.55,10,2505.5,PayPal,Completed,2026-01-02
Jennifer Graham,qlee@example.org,001-897-794-4318x961,Africa,Gambia,Ability,Home,304.57,7,2131.99,Bank Transfer,Completed,2026-03-18
Brian Cooke,jason41@example.net,906-997-2084,North America,Finland,Throughout,Books,230.85,2,461.7,Credit Card,Completed,2026-01-02
Debra Hill,randyjohnston@example.org,(880)580-2030x535,Europe,Anguilla,Evidence,Clothing,276.38,7,1934.66,Bank Transfer,Completed,2026-01-19
Jody Baker,hallrobin@example.org,+1-241-367-7597x367,North America,Guinea,Possible,Books,116.84,2,233.68,Credit Card,Cancelled,2026-02-08
Amanda Thompson,poolejennifer@example.org,(517)320-4881x35819,Europe,Belize,Exist,Home,122.72,7,859.04,Credit Card,Pending,2026-02-28
Jillian Long,allenvictoria@example.org,+1-570-639-0113x091,Europe,Yemen,Much,Electronics,383.24,10,3832.4,PayPal,Pending,2026-03-19
Francis Haney,jenniferwalker@example.net,(968)251-0592x246,North America,British Virgin Islands,Question,Home,284.09,3,852.27,Bank Transfer,Cancelled,2026-02-20
Russell Hines,gowens@example.org,001-728-502-5578,Asia,Nigeria,Cold,Home,47.58,4,190.32,PayPal,Completed,2026-03-29
John Gilbert,matthewmcintyre@example.net,+1-804-518-7120x156,Africa,Honduras,Ability,Electronics,406.84,7,2847.88,Bank Transfer,Completed,2026-02-25
Virginia Green,raymond05@example.net,392.904.0865x9287,North America,Tunisia,Wish,Clothing,405.78,2,811.56,PayPal,Cancelled,2026-01-02
David Bautista,tommy09@example.com,+1-284-668-1279x3123,Africa,Niger,Heavy,Clothing,90.84,8,726.72,Credit Card,Cancelled,2026-01-20
Tricia Taylor,vancejacqueline@example.com,890.599.8406,North America,Wallis and Futuna,Explain,Sports,293.62,10,2936.2,Bank Transfer,Cancelled,2026-03-15
Joshua Moore,hrice@example.org,869-688-7293,Africa,Saint Vincent and the Grenadines,Suddenly,Home,470.45,4,1881.8,Credit Card,Cancelled,2026-03-27
Michael Black,adamstonya@example.com,001-263-240-8570x18301,Africa,Nauru,Sell,Sports,403.93,1,403.93,PayPal,Completed,2026-03-06
Christine Robinson,charlesparsons@example.org,(929)411-0386,Europe,Puerto Rico,Truth,Books,419.64,4,1678.56,Cash,Completed,2026-03-11
Taylor Molina,samanthariley@example.org,694-292-5440x81847,South America,Tajikistan,Agree,Sports,210.73,3,632.19,Credit Card,Cancelled,2026-01-21
Alexandria Williams,christopher25@example.org,+1-822-343-5259x5523,South America,Lithuania,Ask,Clothing,470.14,4,1880.56,Cash,Completed,2026-02-14
Larry Smith,rebecca01@example.net,+1-570-578-5662,Asia,Djibouti,Real,Books,321.46,10,3214.6,Cash,Pending,2026-03-31
Stephanie Cunningham,smithjulia@example.com,459-738-0465x7211,Africa,India,Rise,Clothing,167.74,8,1341.92,PayPal,Cancelled,2026-01-19
Caitlyn Kaufman,dicksoncheryl@example.net,001-907-227-5457x237,Europe,Bahamas,Tv,Clothing,75.64,6,453.84,Credit Card,Cancelled,2026-02-26
James Williams,bgomez@example.com,821.778.7823x070,North America,Equatorial Guinea,Tv,Electronics,202.19,3,606.57,PayPal,Pending,2026-03-26
Dakota Kennedy,mackmary@example.org,(268)823-7981x7353,South America,Luxembourg,Raise,Electronics,117.83,4,471.32,PayPal,Pending,2026-03-31
Craig Pearson,rachel66@example.com,435-977-9963x04862,Africa,Norfolk Island,Step,Books,194.66,1,194.66,Bank Transfer,Completed,2026-02-27
Donna Smith,owilson@example.net,+1-984-789-0919,South America,Ecuador,Range,Home,459.74,5,2298.7,PayPal,Completed,2026-01-07
Kathy Mcdaniel,ramosdouglas@example.com,442-514-8426x01502,Africa,Libyan Arab Jamahiriya,Agency,Home,297.43,7,2082.01,Credit Card,Completed,2026-04-07
Adam Cohen,weeksjerry@example.org,001-858-975-5705x55032,Africa,United Kingdom,On,Books,27.44,3,82.32,Bank Transfer,Cancelled,2026-03-13
Stephen Woods,bhenry@example.com,(369)757-2453,Europe,Macao,Thousand,Books,28.87,7,202.09,Credit Card,Completed,2026-02-27
Bruce Hicks,roy14@example.net,227-866-9247x17498,Africa,South Georgia and the South Sandwich Islands,Last,Books,201.13,3,603.39,Credit Card,Cancelled,2026-02-19
Regina Rice,drhodes@example.net,(512)934-3049,North America,Kazakhstan,One,Books,445.16,10,4451.6,PayPal,Pending,2026-02-20
William Bender,corey10@example.net,+1-200-810-7218x42601,Asia,India,Identify,Books,487.04,1,487.04,Cash,Completed,2026-02-07
Robin Yoder,torresjason@example.org,+1-407-382-5181x75654,North America,Saint Helena,Too,Home,267.41,2,534.82,Cash,Completed,2026-02-17
Christian Williams,martinezhunter@example.org,+1-467-581-5262x5123,South America,Belize,Week,Home,187.24,1,187.24,Credit Card,Cancelled,2026-04-02
Jessica Miller,kleinalyssa@example.org,637-260-1947x763,South America,Switzerland,Once,Books,303.61,2,607.22,Cash,Pending,2026-01-12
Emily Spencer,nbishop@example.net,5809160903,North America,Svalbard & Jan Mayen Islands,Sport,Sports,38.99,4,155.96,Cash,Pending,2026-03-11
Christopher Anderson,ashleyortiz@example.com,+1-609-892-6185,Africa,Palau,Tree,Home,260.93,2,521.86,Bank Transfer,Cancelled,2026-03-19
Vanessa Miller,pam97@example.com,915.767.9551,Asia,Niue,Our,Electronics,119.39,5,596.95,PayPal,Cancelled,2026-04-06
Tiffany Curtis,ydominguez@example.org,001-875-250-0629x3806,South America,Andorra,Of,Sports,440.46,6,2642.76,PayPal,Pending,2026-02-25
Jennifer Cook,vrobinson@example.org,001-981-515-2099x3715,Europe,Jordan,Production,Books,387.92,10,3879.2,Credit Card,Pending,2026-02-02
Geoffrey Greene,thomas07@example.com,001-794-240-9171,Europe,Bouvet Island (Bouvetoya),Institution,Home,135.06,2,270.12,PayPal,Cancelled,2026-02-18
Denise Simpson,carriehorn@example.com,(569)415-8769x268,Europe,Palau,Alone,Electronics,462.18,6,2773.08,Cash,Completed,2026-03-20
Terry James,danielsricky@example.net,6993671674,Africa,Togo,Old,Clothing,400.73,4,1602.92,Bank Transfer,Cancelled,2026-02-12
Julia Rose,daviddowns@example.net,769.356.8171x3306,North America,Nepal,Movement,Home,191.71,3,575.13,Bank Transfer,Completed,2026-03-25
Brandi Brown,makayla05@example.org,441-749-9102,Africa,Grenada,Attention,Books,184.87,10,1848.7,Cash,Pending,2026-04-09
Monica Santiago,jameslyons@example.com,(478)943-0264x9651,Europe,Guinea-Bissau,Civil,Clothing,254.66,5,1273.3,Credit Card,Cancelled,2026-02-10
Jonathan Johnson,qwright@example.com,+1-306-368-0081x9890,North America,Burundi,Woman,Clothing,420.77,3,1262.31,Cash,Cancelled,2026-03-12
Kristen Page,joshuaadams@example.com,001-953-546-0617x598,Asia,Panama,Table,Sports,342.51,5,1712.55,Cash,Pending,2026-03-28
Kimberly Moore,iprice@example.org,425-876-2634,North America,Colombia,Left,Clothing,386.89,10,3868.9,Bank Transfer,Completed,2026-03-25
Ian Pacheco,robbinsjames@example.net,676.211.6080x70513,Africa,Grenada,Discuss,Books,297.26,2,594.52,PayPal,Cancelled,2026-01-31
Patricia Hernandez,mcgeeheather@example.org,001-488-950-6375x2022,North America,Nauru,Focus,Clothing,348.66,9,3137.94,Credit Card,Completed,2026-02-20
Michael Rogers,gmerritt@example.net,001-817-655-0377,North America,South Africa,Represent,Electronics,46.06,2,92.12,Credit Card,Completed,2026-03-03
Caitlin Welch,vhouston@example.org,824.427.1203x685,Africa,British Indian Ocean Territory (Chagos Archipelago),Field,Sports,19.59,9,176.31,Cash,Pending,2026-03-08
Gabrielle Stokes,tannerlopez@example.com,+1-807-774-2636x9498,South America,Liechtenstein,Course,Electronics,218.63,3,655.89,Cash,Completed,2026-03-05
Jose Williams,zbrady@example.com,818-394-8601,South America,Namibia,Fine,Sports,228.06,5,1140.3,Credit Card,Cancelled,2026-03-16
William Acosta,lori48@example.org,001-707-621-8225x03823,Africa,Tuvalu,Nice,Clothing,489.31,5,2446.55,Cash,Pending,2026-02-25
Kristina Palmer,lesliepalmer@example.org,712-615-0627,Asia,Togo,Yard,Home,430.4,7,3012.8,PayPal,Completed,2026-02-11
Rick Castaneda,rivasmark@example.net,(546)381-2678x245,North America,Cuba,Back,Clothing,134.46,2,268.92,Credit Card,Completed,2026-02-04
Laurie Brown,derrickmeadows@example.net,(950)215-3969,Asia,Western Sahara,Television,Clothing,360.49,9,3244.41,Bank Transfer,Cancelled,2026-02-05
Michael Dominguez,xmunoz@example.org,458-429-0415x72002,South America,India,Brother,Clothing,442.26,5,2211.3,Cash,Cancelled,2026-01-27
Phyllis Hall,jeffreygreene@example.org,+1-817-941-5093x907,South America,Finland,Add,Clothing,192.2,6,1153.2,Bank Transfer,Pending,2026-04-08
Misty Moore,mccallsandra@example.org,(609)870-8084,South America,Slovakia (Slovak Republic),High,Electronics,256.58,3,769.74,PayPal,Completed,2026-01-01
Courtney Malone,shawndavidson@example.net,267.237.3877x3978,South America,British Indian Ocean Territory (Chagos Archipelago),Character,Home,237.24,2,474.48,Cash,Cancelled,2026-01-14
Kelly Jackson,alyssa20@example.org,(974)782-4927x92231,North America,Grenada,Head,Books,133.26,2,266.52,PayPal,Cancelled,2026-02-24
Mr. Bradley Mckinney,mlarson@example.org,7397209020,Asia,Panama,Collection,Books,293.33,10,2933.3,Cash,Completed,2026-01-31
David Harris,lawsonmarie@example.net,245.256.4071x55950,Asia,Saudi Arabia,Little,Home,128.45,9,1156.05,Credit Card,Cancelled,2026-02-05
William Roberts,walshanthony@example.org,209-834-4517x187,Asia,Nicaragua,Consumer,Clothing,120.48,10,1204.8,PayPal,Pending,2026-01-08
Brian Weiss,jhill@example.com,(647)255-5904x05205,South America,Guinea-Bissau,Me,Clothing,452.61,9,4073.49,Bank Transfer,Cancelled,2026-01-20
John Meyers,tmills@example.org,+1-687-700-1782x8866,Africa,Burundi,Beautiful,Books,71.56,3,214.68,PayPal,Cancelled,2026-02-21
Catherine Gutierrez,bradleyaaron@example.org,484.626.7852x276,South America,Bahamas,People,Books,217.37,10,2173.7,PayPal,Cancelled,2026-03-25
Jennifer Tucker,ebarron@example.net,001-709-426-0760x03419,North America,French Guiana,Situation,Clothing,42.89,5,214.45,Bank Transfer,Cancelled,2026-02-25
Benjamin Nash,ybrown@example.net,+1-381-814-9775x05637,South America,Slovakia (Slovak Republic),Many,Clothing,164.74,3,494.22,Cash,Pending,2026-03-21
Mary Harper,wcampbell@example.org,+1-980-612-1549x41626,Africa,Syrian Arab Republic,Last,Clothing,480.21,3,1440.63,Credit Card,Completed,2026-02-01
Johnathan Carter,emilyjenkins@example.com,+1-724-681-5411x611,Europe,Eritrea,Then,Books,213.76,4,855.04,PayPal,Cancelled,2026-03-01
Brian Lamb,davisadam@example.net,510.615.5380x9253,Europe,Marshall Islands,International,Home,374.08,4,1496.32,Cash,Pending,2026-03-25
Robert Sullivan,yolandalee@example.com,+1-929-479-1906x256,Africa,Tanzania,Across,Home,300.33,9,2702.97,PayPal,Cancelled,2026-01-28
Jason Martin,sorr@example.net,493-602-6820,South America,Peru,Three,Electronics,424.99,10,4249.9,Credit Card,Cancelled,2026-02-21
Jennifer Jackson,veronica33@example.net,(957)828-9907,Europe,Cocos (Keeling) Islands,Newspaper,Clothing,243.37,9,2190.33,Cash,Completed,2026-01-04
Barbara Green,rjohnson@example.com,716-919-7233x587,Asia,Burkina Faso,Sure,Books,493.59,9,4442.31,Bank Transfer,Completed,2026-01-21
Richard Rivera,cwatkins@example.net,+1-434-795-8298,Africa,Israel,Newspaper,Home,270.27,2,540.54,PayPal,Pending,2026-03-28
Jose Hansen,parrishmichele@example.net,449.920.2056x78124,South America,Mexico,Institution,Clothing,119.7,2,239.4,PayPal,Cancelled,2026-03-15
Roy Martin,brandon73@example.com,975.736.1121,South America,Malta,Same,Electronics,317.55,6,1905.3,PayPal,Cancelled,2026-02-05
Andrew Zimmerman,erin73@example.net,(604)548-4040,Asia,Jamaica,Discuss,Sports,188.29,2,376.58,Cash,Pending,2026-03-22
Daniel Hughes,vkey@example.com,218-785-6682,Asia,Bahrain,Include,Books,263.68,4,1054.72,Cash,Completed,2026-02-23
Suzanne Lopez,mhays@example.com,+1-819-269-3843x5281,Asia,Croatia,Choose,Sports,463.36,8,3706.88,Bank Transfer,Cancelled,2026-02-03
Matthew Martin,garciashawn@example.org,888.560.9846,North America,Cayman Islands,Show,Sports,345.23,1,345.23,PayPal,Cancelled,2026-01-29
Christopher Taylor,ktaylor@example.net,(455)667-4185x78271,Africa,Congo,See,Clothing,356.62,10,3566.2,PayPal,Completed,2026-02-22
Molly Jackson,ashleyjenkins@example.net,6233812657,Asia,Saudi Arabia,Cost,Electronics,87.25,10,872.5,Credit Card,Cancelled,2026-01-07
Dana Watson,hendersonkristopher@example.org,409.278.2444x06468,South America,Benin,Nature,Home,28.9,1,28.9,Cash,Completed,2026-01-15
Lori Hickman,piercecraig@example.net,+1-802-573-0155x75664,North America,Hungary,Another,Sports,110.76,7,775.32,Credit Card,Cancelled,2026-03-08
Rachel Gonzalez,tyronethompson@example.com,675-451-5053x82117,Asia,Bangladesh,Remain,Books,16.38,6,98.28,Credit Card,Completed,2026-02-22
Casey Chavez,pgould@example.net,001-932-820-0371x0267,South America,French Southern Territories,Full,Sports,55.69,9,501.21,Bank Transfer,Completed,2026-02-11
Alan Mejia,whenderson@example.net,(424)823-3143x51514,Africa,Niger,Late,Clothing,280.99,1,280.99,Cash,Completed,2026-03-05
Heather Henry,jessicaramirez@example.org,573.995.4857x041,Asia,Yemen,Treatment,Home,468.93,1,468.93,PayPal,Cancelled,2026-02-28
Patricia Mooney,lori72@example.com,+1-507-742-2725x4499,Asia,Bosnia and Herzegovina,Skill,Electronics,406.97,10,4069.7,Credit Card,Cancelled,2026-01-20
Christine Ramsey,kristensnyder@example.net,671-245-9790x0758,South America,Sierra Leone,Ball,Books,126.98,6,761.88,PayPal,Completed,2026-01-23
Robert Thompson,vandersen@example.com,2606824189,Europe,Panama,Across,Books,160.33,1,160.33,PayPal,Completed,2026-02-09
Jason White,qjohnson@example.com,405-446-4502x0270,Europe,Eritrea,Best,Clothing,103.38,10,1033.8,Cash,Cancelled,2026-02-25
Scott Woodard,xbranch@example.org,(306)509-9103x01060,North America,Wallis and Futuna,Race,Sports,474.6,9,4271.4,Credit Card,Pending,2026-01-04
Allison Franklin,christophercoleman@example.org,944.569.2084x9601,Europe,South Africa,Star,Sports,372.32,5,1861.6,Credit Card,Completed,2026-03-03
Jorge Gonzalez,katieallen@example.com,(945)218-1468x72408,Africa,Mauritius,Upon,Electronics,192.44,6,1154.64,Cash,Pending,2026-01-01
Cynthia Jackson,sarahdavis@example.net,(312)712-3001,Africa,Afghanistan,Someone,Clothing,184.83,10,1848.3,Bank Transfer,Pending,2026-01-16
Deborah Richardson,spearskendra@example.org,+1-384-857-4740,North America,Korea,Level,Books,217.46,3,652.38,Cash,Completed,2026-01-14
Eric Lee,whaley@example.net,433.435.0910,North America,El Salvador,Set,Clothing,106.29,10,1062.9,Bank Transfer,Pending,2026-03-30
Carrie Barnes,jessica14@example.org,(638)406-5279x3705,South America,Vietnam,Choose,Home,33.96,4,135.84,Credit Card,Completed,2026-02-10
Manuel White,esaunders@example.com,001-332-626-6739x596,Africa,Jersey,Property,Electronics,31.09,2,62.18,PayPal,Cancelled,2026-03-14
William Garcia,justinmcclain@example.org,(442)614-0252,Africa,British Virgin Islands,Finally,Sports,169.34,5,846.7,Bank Transfer,Pending,2026-01-25
Alicia Carrillo,kyleconley@example.net,822.290.5004x3615,Europe,Kuwait,Per,Sports,395.05,10,3950.5,PayPal,Cancelled,2026-03-19
Julie Miller,cameronaaron@example.net,+1-210-935-8404,Africa,Australia,Now,Clothing,466.7,9,4200.3,Cash,Cancelled,2026-02-08
Christopher Gutierrez,campbellcarly@example.org,+1-837-440-7801x4123,Asia,Isle of Man,Rather,Home,222.87,7,1560.09,Bank Transfer,Cancelled,2026-02-24
Kelly Murray,elainehall@example.net,887.984.7041x7243,Asia,North Macedonia,Strategy,Books,305.77,6,1834.62,Cash,Cancelled,2026-03-26
Robert Newman DDS,nhurst@example.org,631-843-1459x498,Asia,Belize,Glass,Books,351.56,6,2109.36,Cash,Cancelled,2026-03-16
Mary Crawford MD,gboyle@example.net,(698)969-7251x4511,Africa,Netherlands,Difficult,Home,102.5,5,512.5,PayPal,Pending,2026-02-21
Shannon Thompson,wyattjeremy@example.com,+1-369-227-8854,South America,Saudi Arabia,Bad,Clothing,30.38,7,212.66,Cash,Pending,2026-03-10
Michael French,sextonbenjamin@example.net,337-301-3648,North America,French Guiana,Young,Home,300.15,7,2101.05,Cash,Cancelled,2026-03-21
Rose Hernandez,billy67@example.org,001-580-993-9694x76056,South America,Montenegro,Television,Electronics,327.88,5,1639.4,Cash,Cancelled,2026-01-02
Matthew Hayes,mklein@example.com,001-647-543-4177x4327,Africa,Austria,Play,Home,74.2,10,742.0,Cash,Pending,2026-02-28
Christine Wilson,ijoyce@example.com,001-516-861-3060,Africa,Monaco,Put,Sports,382.58,7,2678.06,Credit Card,Pending,2026-03-24
Elizabeth Flynn,hoodashley@example.net,001-632-412-5826,Asia,New Caledonia,Look,Clothing,484.0,10,4840.0,PayPal,Completed,2026-03-22
Hannah Smith,toddgriffith@example.com,(328)215-9150,Europe,Belize,Particular,Books,167.65,7,1173.55,Cash,Pending,2026-02-11
Michael Parker,simpsonjeffrey@example.org,+1-885-927-5742x60017,Africa,Guatemala,Pretty,Sports,292.3,6,1753.8,Bank Transfer,Completed,2026-01-04
Henry Carpenter,heather69@example.org,(320)845-2919x746,South America,Haiti,Job,Electronics,188.84,4,755.36,PayPal,Cancelled,2026-01-22
Mrs. Anita Carroll,rachel21@example.net,+1-367-572-4575x143,Europe,Montserrat,Current,Books,11.38,2,22.76,Credit Card,Cancelled,2026-02-22
Laurie Campbell,melinda49@example.org,+1-264-705-9464x5225,Europe,Netherlands,Process,Electronics,283.85,5,1419.25,Credit Card,Completed,2026-01-12
Christopher Garcia,nnelson@example.net,(429)506-7139x93338,North America,Cayman Islands,South,Home,137.44,5,687.2,Credit Card,Completed,2026-01-12
Melissa Gonzales,jamesbrandt@example.org,985.212.4118x760,Europe,Japan,Defense,Electronics,73.0,9,657.0,PayPal,Completed,2026-03-14
Brian Garcia,yfoley@example.net,+1-354-244-0923x08269,Africa,Lesotho,Be,Electronics,394.03,7,2758.21,Credit Card,Cancelled,2026-03-11
Bradley Strickland,johnbates@example.com,+1-612-943-4332x81306,Asia,Cayman Islands,Still,Electronics,56.44,1,56.44,PayPal,Pending,2026-01-11
Debbie Burns,adamjones@example.org,764.548.0339,Africa,Cayman Islands,Single,Sports,453.18,6,2719.08,PayPal,Completed,2026-02-13
Matthew Miranda,morganamy@example.com,001-818-720-0185x91764,North America,Spain,Building,Books,276.98,4,1107.92,Bank Transfer,Pending,2026-01-18
Lisa Robinson,krista18@example.org,001-491-697-0391x01571,South America,Maldives,President,Books,289.91,3,869.73,Bank Transfer,Completed,2026-02-28
Craig Castro V,andrew15@example.net,226-886-0198x738,South America,Sierra Leone,Five,Books,300.66,4,1202.64,Cash,Completed,2026-01-22
Joseph Carter,srowe@example.org,7307074371,South America,Saint Pierre and Miquelon,Home,Books,129.81,3,389.43,Bank Transfer,Cancelled,2026-04-04
William Cortez,wilsontracy@example.org,(934)975-1079x176,South America,Netherlands Antilles,All,Books,247.81,7,1734.67,PayPal,Pending,2026-02-13
Scott Torres,walter55@example.com,942-203-5122x045,Asia,Belize,Impact,Books,410.19,7,2871.33,PayPal,Cancelled,2026-02-14
Gabriela Simpson,julie75@example.org,+1-486-314-1764x81432,Africa,Trinidad and Tobago,Modern,Home,285.63,3,856.89,Bank Transfer,Cancelled,2026-01-31
Amber Wilson,simpsonmary@example.com,(380)965-3891x717,South America,French Polynesia,Smile,Sports,158.49,9,1426.41,PayPal,Completed,2026-01-27
Lisa Mcdaniel,nicolemiller@example.org,3478302834,North America,Moldova,Probably,Electronics,226.1,10,2261.0,Credit Card,Completed,2026-01-03
Kelly Jones,karen08@example.org,215.724.6899x240,North America,Tonga,Buy,Electronics,299.89,9,2699.01,PayPal,Pending,2026-03-28
Margaret Doyle,gramsey@example.org,001-836-348-5136,Asia,French Southern Territories,Author,Sports,123.64,10,1236.4,Cash,Cancelled,2026-03-22
Brian Jackson,kristineshelton@example.net,001-500-342-5376,Europe,Saint Martin,Happen,Clothing,57.36,4,229.44,Cash,Completed,2026-03-16
Heather Rios,brownbradley@example.com,873.535.5731x168,Africa,Lao People's Democratic Republic,Manager,Sports,435.24,10,4352.4,PayPal,Pending,2026-01-11
Lauren Knight,patricia83@example.net,001-794-789-7949x7739,Africa,Senegal,Sort,Sports,420.38,6,2522.28,PayPal,Completed,2026-02-23
Brian Fitzgerald,alicepetersen@example.com,001-286-358-5401x843,Asia,Estonia,Foot,Sports,150.06,3,450.18,Bank Transfer,Cancelled,2026-02-21
Timothy Campbell,kcarr@example.com,(843)469-6418,Africa,Bangladesh,Particular,Sports,109.59,6,657.54,Bank Transfer,Cancelled,2026-03-13
Lauren Rodriguez,monicajacobson@example.org,(938)777-8019,Europe,Tuvalu,Relationship,Home,105.87,7,741.09,Cash,Cancelled,2026-02-10
Claudia Anderson,crosswilliam@example.net,361-548-9162x58458,Africa,Martinique,Opportunity,Sports,128.69,7,900.83,PayPal,Pending,2026-03-07
Samantha Vasquez,tcarter@example.org,(576)988-9573,Europe,Norfolk Island,From,Sports,155.14,6,930.84,Credit Card,Cancelled,2026-01-20
Mr. Alex Hebert,barnesshawn@example.com,777-757-7857,Europe,Namibia,Friend,Home,29.23,5,146.15,Cash,Completed,2026-04-03
Jason Phelps,carmenneal@example.net,688-665-9251,Europe,Mongolia,South,Books,267.31,4,1069.24,PayPal,Completed,2026-01-30
Michael Hodge,blackrobert@example.com,001-588-607-8620x13853,Africa,Mozambique,Agreement,Books,327.78,4,1311.12,Cash,Completed,2026-02-01
Rodney Ball,daniel59@example.com,481-648-2467x9086,Europe,Saint Martin,Source,Electronics,353.01,1,353.01,Cash,Pending,2026-02-04
Lawrence Harrison,sharon00@example.org,001-241-641-9293,South America,Bouvet Island (Bouvetoya),Authority,Clothing,214.44,2,428.88,Cash,Pending,2026-03-03
Daniel Reeves,mmora@example.net,937-922-8834,Asia,Congo,Magazine,Electronics,248.35,10,2483.5,Credit Card,Pending,2026-02-26
Michael Brewer,amy70@example.org,(988)462-8360,Europe,Eritrea,Various,Home,272.98,6,1637.88,Bank Transfer,Pending,2026-02-20
Dwayne Oconnor,qjackson@example.com,8718115325,North America,Bolivia,Music,Electronics,371.63,4,1486.52,Bank Transfer,Completed,2026-03-25
Linda Clark,yjohnson@example.com,+1-253-641-2993x65181,Asia,Guyana,Four,Sports,171.38,10,1713.8,PayPal,Completed,2026-01-31
Daniel Keith,lindsey40@example.com,6479672517,Europe,Poland,Majority,Electronics,80.44,10,804.4,Cash,Completed,2026-04-06
Allison Owens,maria23@example.com,+1-311-393-1365,Africa,Netherlands,Budget,Sports,473.09,2,946.18,PayPal,Completed,2026-01-04
Tristan Williams,mark81@example.net,529-687-7213,Asia,Solomon Islands,Year,Electronics,172.94,10,1729.4,Credit Card,Cancelled,2026-01-29
Michele Lee,porternatalie@example.net,3303357403,Europe,Guernsey,Catch,Sports,370.46,9,3334.14,Cash,Completed,2026-03-11
Victoria Scott,smcfarland@example.com,001-449-406-8266x0017,North America,Cocos (Keeling) Islands,Else,Home,387.82,3,1163.46,Bank Transfer,Cancelled,2026-01-30
Jeff Barton,morganharris@example.net,248-843-6642x9489,Africa,Seychelles,Road,Clothing,228.26,6,1369.56,Cash,Cancelled,2026-01-18
James Rodriguez,kmarquez@example.org,998-276-9201x2268,Asia,Norfolk Island,After,Electronics,132.24,9,1190.16,PayPal,Cancelled,2026-03-11
Daniel Shields,justinmoreno@example.net,(313)851-2463x418,Asia,Congo,Not,Sports,363.64,4,1454.56,Bank Transfer,Completed,2026-03-10
Daniel Humphrey,jillian66@example.com,5254317368,Europe,Canada,Music,Sports,156.1,3,468.3,Bank Transfer,Pending,2026-04-04
Timothy Galvan,ipoole@example.org,676.357.4142,Europe,Netherlands Antilles,Article,Home,189.58,6,1137.48,Bank Transfer,Pending,2026-03-06
Robert Ellison,dylan05@example.org,4707127604,Europe,Luxembourg,Mention,Home,56.68,10,566.8,PayPal,Cancelled,2026-03-22
Christine Fletcher,rosslisa@example.com,001-856-585-7155x943,Africa,French Polynesia,Person,Books,39.81,6,238.86,PayPal,Pending,2026-01-10
Linda Nelson,jonathanguzman@example.net,(975)628-7910,Africa,Jersey,Member,Electronics,66.08,7,462.56,Credit Card,Cancelled,2026-01-23
John Vaughn,dmartin@example.com,+1-879-693-8322,Europe,Burundi,Common,Electronics,256.1,2,512.2,Cash,Pending,2026-02-21
Julie Miller,maria87@example.org,+1-723-400-0140x49762,South America,Cocos (Keeling) Islands,Color,Clothing,73.05,9,657.45,Cash,Completed,2026-02-19
Sandra Huff,christopherblackwell@example.net,794-985-8704x359,South America,Micronesia,Enjoy,Sports,141.49,7,990.43,Bank Transfer,Completed,2026-04-09
Jennifer Johnson,clarktrevor@example.org,476-837-1505x593,Africa,Turkmenistan,Owner,Electronics,35.83,9,322.47,PayPal,Pending,2026-02-12
Jonathan Bennett,tanner32@example.com,+1-900-357-1522x69386,North America,United States Virgin Islands,Cold,Electronics,133.21,1,133.21,Credit Card,Completed,2026-02-06
Logan Barr,brooke25@example.net,814.577.9721,South America,Sao Tome and Principe,Require,Electronics,67.33,7,471.31,Cash,Pending,2026-01-10
Adrienne Torres,fhess@example.net,(568)450-6143x57156,Africa,El Salvador,Wife,Electronics,195.44,7,1368.08,Cash,Cancelled,2026-02-10
Tammy Kennedy,rmarshall@example.com,340.613.4512x36968,South America,San Marino,Life,Home,404.3,2,808.6,Cash,Cancelled,2026-03-18
Mitchell Romero,kristinmurphy@example.com,497-601-4985x23859,South America,Cote d'Ivoire,Green,Clothing,331.15,1,331.15,Credit Card,Pending,2026-04-01
Eugene Ross,bobbyheath@example.org,(585)939-3401x664,North America,Botswana,Authority,Electronics,105.36,5,526.8,Bank Transfer,Completed,2026-01-05
Tracy Gibson,dianethomas@example.com,(303)771-6938x54854,Africa,Iceland,Whom,Sports,354.44,5,1772.2,PayPal,Completed,2026-01-01
Joshua Taylor,troygibson@example.net,001-647-895-9152x31601,Europe,Azerbaijan,Surface,Sports,333.91,6,2003.46,Credit Card,Cancelled,2026-03-27
Michael Cunningham,masonderek@example.net,001-624-292-7340x33056,South America,Peru,Employee,Sports,426.38,3,1279.14,Credit Card,Pending,2026-01-25
Mary Herman,stevensmith@example.com,312.763.6526x8818,North America,Mexico,Create,Sports,337.26,10,3372.6,Bank Transfer,Pending,2026-01-01
Manuel Sanchez,clayton03@example.net,302.570.2522x436,Asia,Cuba,Phone,Electronics,454.99,3,1364.97,PayPal,Completed,2026-01-02
Stephanie Martinez,vmendez@example.net,(606)742-5736x73141,South America,Grenada,Each,Electronics,200.13,2,400.26,Credit Card,Pending,2026-03-12
Samuel Weaver,kelleybryan@example.net,001-898-837-6545x7309,North America,Christmas Island,Child,Clothing,230.96,7,1616.72,PayPal,Cancelled,2026-03-28
Angela Martinez,thompsontaylor@example.com,773-558-7532,South America,Australia,As,Clothing,344.97,7,2414.79,PayPal,Cancelled,2026-02-12
William Patrick,brandi40@example.com,+1-418-895-9186,South America,Namibia,Place,Electronics,151.15,9,1360.35,Credit Card,Completed,2026-02-24
Brian Brooks,shannonoconnell@example.org,415.402.6894x3160,Europe,Norfolk Island,Reveal,Books,403.93,8,3231.44,Bank Transfer,Cancelled,2026-02-19
Dalton Miller,pcallahan@example.org,001-964-386-2321x777,South America,Maldives,Small,Clothing,144.46,5,722.3,PayPal,Completed,2026-01-13
Christina Hebert,sherrymoran@example.com,001-218-799-7783,Asia,Antarctica (the territory South of 60 deg S),Television,Sports,94.68,2,189.36,PayPal,Pending,2026-03-25
Bruce Nguyen,gchang@example.net,8342524282,Europe,Gambia,Mr,Electronics,337.25,4,1349.0,Cash,Cancelled,2026-01-15
David Ortiz,courtney18@example.com,(717)271-8676x74546,Asia,Lao People's Democratic Republic,Along,Clothing,18.14,1,18.14,PayPal,Completed,2026-01-18
Dr. Kathy Brennan,bethjordan@example.net,438-558-5249x664,Africa,Northern Mariana Islands,Every,Sports,167.8,3,503.4,Bank Transfer,Cancelled,2026-02-27
Erin Luna,moraleskatherine@example.com,512-354-4455x66707,North America,Hungary,People,Books,14.11,9,126.99,Cash,Cancelled,2026-01-23
Sandra Perez,ovazquez@example.com,6764041635,Asia,Palau,Model,Home,443.92,4,1775.68,Bank Transfer,Cancelled,2026-01-02
Kathryn Williamson,smithvincent@example.com,472-877-9767x967,Asia,Isle of Man,Eat,Books,177.91,2,355.82,Cash,Pending,2026-02-11
Christopher Thomas,johnsonsusan@example.org,420.693.2879x41274,Africa,Equatorial Guinea,Able,Electronics,399.46,4,1597.84,Bank Transfer,Cancelled,2026-04-04
Rachel Rodgers MD,craig23@example.net,6515862008,Asia,Maldives,Soldier,Clothing,17.02,8,136.16,Credit Card,Pending,2026-02-02
Debbie Riggs,michael25@example.org,001-688-280-9877,Asia,Palau,Bad,Home,376.54,10,3765.4,Cash,Cancelled,2026-03-02
Joy Berry,kevin31@example.org,(693)319-2280x8033,Africa,Pakistan,Hard,Electronics,419.75,6,2518.5,Credit Card,Completed,2026-01-24
James Wilson,stacy44@example.net,+1-219-693-2334,Asia,Dominican Republic,Song,Sports,489.35,9,4404.15,Credit Card,Cancelled,2026-03-23
Kathy Ramirez,herringjared@example.net,+1-555-618-4809x842,North America,Mozambique,Clearly,Sports,242.31,10,2423.1,Cash,Completed,2026-02-20
Alex Woods,fhamilton@example.net,775-316-4255x5586,South America,Japan,Adult,Books,379.97,8,3039.76,Bank Transfer,Cancelled,2026-03-28
Jason Moore,nicole92@example.com,316.816.0373x81299,Asia,Greenland,Fish,Sports,31.89,10,318.9,Cash,Completed,2026-01-25
Luis Brennan,frobinson@example.net,(433)700-8521,North America,Congo,What,Books,287.39,3,862.17,Cash,Completed,2026-01-20
Donna Phillips,ybennett@example.net,(839)604-3326x4662,Asia,Japan,Vote,Clothing,88.68,4,354.72,Cash,Pending,2026-04-03
Latasha Sullivan,joseph69@example.org,+1-773-684-8227x602,Africa,Cayman Islands,Out,Home,308.01,8,2464.08,Cash,Pending,2026-03-23
Mr. Jack Cook,laura97@example.org,818.751.6332,Europe,Zambia,Particularly,Books,55.8,9,502.2,Cash,Cancelled,2026-03-15
Alexander Shaw,paynetonya@example.net,(826)423-7532,Asia,Jamaica,Other,Sports,41.97,2,83.94,PayPal,Completed,2026-03-17
Anthony Griffin,bbrown@example.com,+1-236-295-7729,Asia,Bolivia,Certain,Books,390.86,8,3126.88,PayPal,Cancelled,2026-01-19
Cameron Rivera,seanherrera@example.com,743-202-2926,South America,Marshall Islands,Quite,Sports,272.31,1,272.31,Cash,Completed,2026-02-17
Kristen Bright,perezbeth@example.net,(916)220-7787,Africa,Philippines,Reason,Electronics,429.24,9,3863.16,Bank Transfer,Cancelled,2026-04-02
James Butler,oturner@example.com,442.551.9870x94150,Asia,Saint Martin,Indicate,Home,19.21,6,115.26,Cash,Pending,2026-03-03
Susan Mccormick,larsenlogan@example.net,6756252552,Asia,Albania,Happy,Sports,245.64,3,736.92,Cash,Pending,2026-03-21
Heather Williams,odonnelljasmine@example.net,6208203395,Asia,Egypt,Believe,Home,253.24,10,2532.4,Credit Card,Pending,2026-04-07
Julie Oneal,smithsandra@example.net,001-666-275-2818x24323,Africa,Heard Island and McDonald Islands,Hear,Clothing,341.19,1,341.19,Bank Transfer,Completed,2026-01-24
Valerie Cunningham,melissamurphy@example.net,(892)806-9595,Africa,Maldives,Whole,Home,323.38,3,970.14,Credit Card,Completed,2026-02-01
Joel Torres,daniel17@example.net,+1-354-800-4833,Asia,Bhutan,Fact,Home,317.06,2,634.12,Credit Card,Cancelled,2026-02-03
Craig Jones,austin98@example.net,927-415-8762x6254,Africa,Madagascar,Year,Books,33.76,6,202.56,Bank Transfer,Completed,2026-01-05
Cassandra Garcia,molinaaaron@example.com,958-516-5548,South America,Cyprus,Find,Electronics,132.96,2,265.92,Bank Transfer,Cancelled,2026-02-25
Maurice Burch,carolinesmith@example.com,+1-408-336-9516x7693,Asia,Cameroon,Agent,Electronics,78.09,6,468.54,Cash,Pending,2026-01-26
Lynn Reyes,robertwhite@example.com,(496)909-5207,North America,Micronesia,Before,Sports,10.64,1,10.64,Credit Card,Pending,2026-03-30
Jennifer Nelson,qmacdonald@example.net,+1-457-917-3596x7470,North America,Algeria,Building,Home,480.71,9,4326.39,Bank Transfer,Pending,2026-01-10
David Cox,robert39@example.com,+1-351-777-9080,Asia,Saint Helena,Seem,Books,73.85,3,221.55,Credit Card,Completed,2026-03-27
Karla Griffith MD,kingsteven@example.com,956-985-5647x620,Asia,Brunei Darussalam,Race,Clothing,70.79,9,637.11,Cash,Pending,2026-01-10
Matthew Shields,christopher78@example.net,631-853-0459x9487,North America,Trinidad and Tobago,Sort,Clothing,484.56,2,969.12,PayPal,Completed,2026-01-05
Diamond Davis,joseph56@example.org,343.721.6688,Asia,Mongolia,Pressure,Books,43.75,2,87.5,Bank Transfer,Completed,2026-01-09
Raven Williams,emilytate@example.org,868-264-0852x0578,Europe,Tunisia,Final,Electronics,411.79,4,1647.16,Credit Card,Completed,2026-03-08
Julie Miller,amy30@example.com,220-518-8504x06599,Europe,Netherlands Antilles,Successful,Sports,297.15,5,1485.75,PayPal,Pending,2026-03-20
Michael Gillespie,brandytaylor@example.org,(231)203-7073,Europe,Denmark,Ask,Clothing,77.45,4,309.8,PayPal,Cancelled,2026-02-06
Laura Ortiz,stevensjacob@example.net,(732)790-8625x43986,North America,Russian Federation,City,Home,104.21,5,521.05,Cash,Completed,2026-02-24
Betty Morse,andrewmartin@example.com,802.483.3258,North America,Russian Federation,Since,Clothing,359.67,1,359.67,PayPal,Completed,2026-03-16
Andrew Spencer,zsutton@example.org,(513)527-0774x321,Africa,Albania,Executive,Sports,335.84,2,671.68,Cash,Pending,2026-02-02
Michelle Edwards,crossjacob@example.org,487-416-3168,North America,Albania,Easy,Clothing,440.02,3,1320.06,Cash,Cancelled,2026-03-22
Troy Ingram,ghill@example.net,880-232-5616x69756,South America,Bosnia and Herzegovina,Activity,Home,307.06,7,2149.42,Cash,Cancelled,2026-01-07
Michelle Moore,sarahmalone@example.net,+1-673-722-4355x6315,Europe,Kazakhstan,Toward,Clothing,465.98,9,4193.82,PayPal,Cancelled,2026-03-13
Robert Evans,robert08@example.net,972.791.5115x211,Africa,Qatar,Writer,Sports,402.47,4,1609.88,PayPal,Pending,2026-01-06
John Frey,jasmine34@example.com,001-871-249-4230x6805,South America,Congo,Add,Sports,401.33,9,3611.97,Cash,Completed,2026-02-14
Natalie Medina,hoffmankerry@example.net,001-578-518-3012,South America,Central African Republic,Truth,Sports,319.5,3,958.5,Bank Transfer,Pending,2026-03-15
Amanda Miller,peterhamilton@example.net,001-379-440-0028x00422,Asia,Seychelles,Cell,Books,354.62,8,2836.96,Cash,Cancelled,2026-01-31
Edward Mclean,dmyers@example.net,688-218-7831,Europe,Ecuador,Other,Sports,98.85,5,494.25,Credit Card,Completed,2026-01-14
Christopher Bender,veronica27@example.net,455-411-4131,Europe,Eritrea,Try,Books,198.65,8,1589.2,Credit Card,Pending,2026-02-10
Matthew Ross,ijones@example.org,2684666994,North America,British Indian Ocean Territory (Chagos Archipelago),Six,Home,136.78,10,1367.8,PayPal,Pending,2026-03-13
Cathy Barnes,kennethconway@example.net,423-783-1413x63254,Africa,Gabon,Data,Electronics,154.29,8,1234.32,Bank Transfer,Completed,2026-01-06
Christina Young,mjackson@example.com,714-537-8671x4024,Asia,Puerto Rico,Serve,Sports,12.61,5,63.05,Bank Transfer,Pending,2026-01-28
James Hill,davisamanda@example.com,+1-842-831-5897x7577,North America,Morocco,Situation,Clothing,384.02,10,3840.2,PayPal,Pending,2026-03-19
Joanna Henderson,jasmine64@example.com,507.294.9148,Europe,Morocco,Economic,Electronics,292.59,6,1755.54,PayPal,Cancelled,2026-01-11
Raymond Olson,anthony36@example.net,238-807-7151,Europe,Indonesia,Beautiful,Books,160.88,10,1608.8,Cash,Pending,2026-01-26
Jordan Baker,corypace@example.net,(679)917-8447x1568,Asia,Togo,Laugh,Electronics,381.78,2,763.56,Bank Transfer,Pending,2026-01-18
Krystal Howard,ryan60@example.org,232-788-8171x0388,Asia,Reunion,Thousand,Sports,326.6,9,2939.4,PayPal,Pending,2026-01-30
Mark Ingram,amberwebster@example.org,8394456276,Europe,Liberia,Class,Electronics,432.4,5,2162.0,Bank Transfer,Pending,2026-01-20
Anthony Rowe,longcatherine@example.org,967.893.9178x411,North America,Macao,Professor,Sports,354.24,10,3542.4,Bank Transfer,Pending,2026-02-04
Lisa Schwartz,john86@example.org,(705)887-3050,South America,Australia,Light,Sports,498.62,8,3988.96,Credit Card,Pending,2026-01-27
Christopher Harrison,joshuasmith@example.net,349.212.6272x1199,Europe,Kuwait,Than,Books,252.06,7,1764.42,PayPal,Pending,2026-02-10
Shelley Castaneda,myersjasmine@example.net,+1-577-760-5083x08055,North America,Egypt,Ago,Books,480.73,5,2403.65,PayPal,Pending,2026-03-17
Chad Goodman,jimmy40@example.com,645-842-6025x658,North America,Lithuania,Share,Sports,371.82,2,743.64,Bank Transfer,Pending,2026-04-06
Rebekah Nguyen,johngomez@example.com,+1-302-237-2320x516,South America,South Africa,Create,Home,472.17,9,4249.53,Bank Transfer,Pending,2026-01-02
William Guerrero,rporter@example.com,(301)782-9523x205,Europe,Mozambique,Organization,Home,386.27,3,1158.81,Credit Card,Pending,2026-01-13
Joe Bailey,flevy@example.org,934-326-5457,South America,France,Image,Home,368.94,8,2951.52,Cash,Completed,2026-04-03
Dr. Brenda Parker DVM,dawnbell@example.com,(400)933-5582,South America,United Kingdom,Time,Home,392.96,1,392.96,Cash,Completed,2026-02-08
Kenneth Lopez,kmartin@example.com,001-982-411-2864,Europe,Montenegro,More,Clothing,36.95,7,258.65,Bank Transfer,Pending,2026-01-26
Kimberly Fisher,cameron44@example.com,(325)711-0592x0656,Asia,Czech Republic,Control,Home,434.74,8,3477.92,Cash,Pending,2026-02-22
Robert Powers,uwest@example.org,240.936.5015x4001,North America,Turkmenistan,Day,Sports,198.98,3,596.94,Credit Card,Pending,2026-03-07
Kevin Aguilar,nelsonjustin@example.org,(367)285-8120x16518,Asia,Kenya,Analysis,Home,258.89,1,258.89,PayPal,Pending,2026-01-08
David Peterson,samantha77@example.org,(310)937-6095x1636,North America,Guadeloupe,Sit,Clothing,398.15,1,398.15,Credit Card,Pending,2026-01-31
Justin Miller,zjones@example.net,+1-399-964-1652x2924,Africa,Cameroon,Husband,Electronics,341.59,1,341.59,Bank Transfer,Cancelled,2026-03-27
Tina White,pamela11@example.com,001-671-544-4763x31727,Asia,Palestinian Territory,Control,Sports,266.14,6,1596.84,Cash,Completed,2026-03-05
Mrs. Julie Deleon DDS,jonathan35@example.com,001-910-808-3903x005,Europe,Turkey,Until,Home,332.44,7,2327.08,Credit Card,Completed,2026-03-27
Carlos Weaver,gilbertlisa@example.org,001-236-539-9129,Europe,Russian Federation,Lot,Books,338.5,3,1015.5,PayPal,Pending,2026-01-23
Christopher Carrillo,oaustin@example.com,001-649-960-4872x6657,South America,San Marino,Near,Electronics,226.49,9,2038.41,Cash,Completed,2026-02-12
Kelly Bolton,teresahunter@example.net,001-659-770-7892x3345,Africa,Cote d'Ivoire,Join,Electronics,451.94,1,451.94,PayPal,Completed,2026-01-22
Alyssa Baxter,raymondperkins@example.com,+1-858-953-8481,Europe,Martinique,Pm,Electronics,398.61,8,3188.88,PayPal,Pending,2026-01-02
Michael Williamson,thomasduncan@example.com,(787)498-5729,Europe,Greece,Four,Sports,203.36,4,813.44,Bank Transfer,Cancelled,2026-01-08
Lauren Sullivan,carterrenee@example.org,(334)372-3707x258,Asia,Bangladesh,Others,Clothing,411.46,4,1645.84,Bank Transfer,Completed,2026-01-07
Heather Williams,michellecross@example.org,6293097549,Asia,Cuba,Worry,Home,466.01,4,1864.04,PayPal,Cancelled,2026-02-13
Jennifer King,bthornton@example.net,293.295.1097x5462,South America,Dominica,Blue,Electronics,21.81,3,65.43,Bank Transfer,Cancelled,2026-02-28
Erin Porter,marywebb@example.net,001-690-908-0491x3798,Asia,Congo,Subject,Books,494.77,4,1979.08,Credit Card,Pending,2026-03-21
Justin Wyatt,martinezclinton@example.com,001-826-543-1628x1783,Europe,Botswana,Try,Books,479.19,4,1916.76,PayPal,Completed,2026-01-30
Kerry Daniels,usmith@example.com,+1-654-729-3147,South America,Georgia,Left,Books,353.8,3,1061.4,Credit Card,Completed,2026-01-16
Gary Butler,parsonstanner@example.org,+1-958-949-5017,Asia,Libyan Arab Jamahiriya,Thus,Sports,48.7,2,97.4,Bank Transfer,Pending,2026-01-29
Courtney Vaughan,megancummings@example.com,001-579-495-4892x135,Africa,Croatia,Director,Electronics,376.78,7,2637.46,Bank Transfer,Completed,2026-01-05
Robert Cook,vazquezashley@example.com,268.429.5740,South America,Angola,Fast,Home,235.17,1,235.17,Credit Card,Cancelled,2026-03-16
Ashley Graham,stephen82@example.org,697-206-5847x8714,South America,Luxembourg,Own,Clothing,61.97,5,309.85,Bank Transfer,Pending,2026-01-07
Megan Fitzgerald,johnbrady@example.org,+1-377-232-5475x5504,South America,Moldova,Seven,Home,203.76,7,1426.32,Cash,Pending,2026-01-02
Holly Lopez,jacobross@example.org,001-622-723-9592x2176,Europe,Mongolia,One,Clothing,215.64,1,215.64,PayPal,Cancelled,2026-02-11
Susan Davis,rortiz@example.com,001-544-267-5361x3410,Europe,Malta,Someone,Electronics,416.19,9,3745.71,Credit Card,Completed,2026-01-25
Alyssa Cox,lisakeith@example.net,803-354-8198x696,North America,American Samoa,White,Sports,47.06,5,235.3,Bank Transfer,Completed,2026-03-21
Arthur Zuniga,kellyburke@example.com,(627)536-8914x728,Africa,Albania,American,Electronics,470.59,3,1411.77,Cash,Pending,2026-01-08
James Foster,melissarobertson@example.org,+1-851-617-0007x4658,North America,Cote d'Ivoire,Need,Clothing,428.97,8,3431.76,Cash,Completed,2026-02-21
Hannah Gutierrez,epope@example.org,(423)891-6435,North America,Moldova,Them,Books,371.41,9,3342.69,Cash,Completed,2026-03-03
Raymond Foster,bobbygilbert@example.com,785.629.1690x06163,Asia,Bolivia,Sign,Sports,464.41,3,1393.23,PayPal,Completed,2026-03-17
Kelly Lawrence,dholland@example.net,5972623054,Asia,San Marino,Method,Electronics,225.14,6,1350.84,PayPal,Pending,2026-01-19
Michelle Bush,nicolehorn@example.net,001-984-721-2812x39457,Asia,Senegal,Single,Sports,188.24,2,376.48,Credit Card,Cancelled,2026-02-25
Douglas Walker,ecompton@example.com,(383)860-6094,Europe,Aruba,Modern,Books,116.31,2,232.62,Credit Card,Completed,2026-02-15
Brandon Blackwell,jonathanbrown@example.net,374-391-3940,Africa,Aruba,Strategy,Electronics,247.72,6,1486.32,Bank Transfer,Cancelled,2026-02-14
Sean King,butlerjulie@example.net,(792)959-7346,South America,Haiti,Discover,Books,361.95,1,361.95,Bank Transfer,Pending,2026-03-17
Samuel Garrett,fosterdavid@example.net,001-307-426-6929,North America,Turks and Caicos Islands,Us,Clothing,174.93,9,1574.37,Credit Card,Cancelled,2026-02-24
Michael Jones,ireynolds@example.net,+1-519-392-3141x34633,South America,Slovenia,Price,Books,286.06,4,1144.24,Credit Card,Pending,2026-03-18
Amber Davis,phillipsmichael@example.com,7424943564,Europe,Vanuatu,Camera,Electronics,171.07,9,1539.63,PayPal,Cancelled,2026-04-06
Jacob Williams,adamramirez@example.org,(292)245-7255x2864,Asia,Saint Pierre and Miquelon,Same,Sports,363.18,6,2179.08,PayPal,Cancelled,2026-01-16
John Mcmahon,nathanjohnson@example.com,001-671-396-2752x5555,Europe,Tuvalu,Relate,Sports,341.58,8,2732.64,PayPal,Completed,2026-03-19
Karen Walsh,yhorton@example.net,3625221626,Asia,Belgium,Chance,Books,130.76,2,261.52,PayPal,Pending,2026-03-14
Dominic Reese,donald74@example.net,975.344.8299,Asia,Guadeloupe,Her,Books,387.03,9,3483.27,PayPal,Cancelled,2026-01-10
Alexis Hale,andrewfisher@example.com,704.254.2018x9108,North America,Guatemala,Can,Clothing,430.55,5,2152.75,Credit Card,Cancelled,2026-02-03
Monique Love,simmonselizabeth@example.org,(250)784-6672x5274,Africa,Kiribati,Far,Electronics,346.44,8,2771.52,Cash,Completed,2026-03-08
Joseph Moore,abuckley@example.com,468-624-2762x70632,Africa,Somalia,Amount,Home,120.78,6,724.68,Credit Card,Cancelled,2026-03-04
Kimberly Foster,lisaanderson@example.net,942.859.7332x054,Africa,Bolivia,Phone,Electronics,67.27,5,336.35,Cash,Completed,2026-03-14
Paul Oliver,maurice36@example.com,(711)703-5875,Europe,Mexico,Building,Home,243.04,6,1458.24,PayPal,Cancelled,2026-02-18
Ashley Fuller,spencechristopher@example.com,222-960-1266,South America,Ecuador,Science,Electronics,234.82,7,1643.74,Credit Card,Pending,2026-02-24
Tiffany Reeves,anthonywells@example.org,(524)403-1922x37624,South America,Norway,Experience,Home,290.85,8,2326.8,Cash,Pending,2026-01-16
Garrett Miller,kyle88@example.com,991.241.0035x35195,Europe,Gambia,Article,Clothing,136.47,2,272.94,Cash,Cancelled,2026-03-06
Faith Hall,danaschneider@example.net,747-962-0193x3759,Europe,Swaziland,Leg,Electronics,100.46,1,100.46,Cash,Pending,2026-02-21
Lucas Quinn,boonepaul@example.net,001-393-541-1735x713,Asia,Guam,Right,Books,58.4,5,292.0,Cash,Pending,2026-01-09
Priscilla Zuniga,matthew63@example.com,001-317-837-4144,Africa,Belgium,Large,Electronics,188.54,8,1508.32,Cash,Pending,2026-03-19
Elizabeth Simpson,veronicaclark@example.net,+1-493-807-7907x8258,South America,Fiji,Available,Sports,358.02,4,1432.08,PayPal,Cancelled,2026-04-07
Michael Short,mbarrett@example.net,366.813.7505x6757,South America,Northern Mariana Islands,Card,Home,448.3,10,4483.0,Bank Transfer,Cancelled,2026-02-10
Amber Nguyen,charles68@example.com,001-629-667-9909x51073,North America,United States of America,Network,Sports,206.91,10,2069.1,Credit Card,Completed,2026-03-02
Terri Welch,amandawatkins@example.org,+1-520-831-9975x115,Asia,Thailand,Color,Electronics,324.57,1,324.57,Bank Transfer,Cancelled,2026-01-19
Mark Barr,sarah71@example.org,(325)325-5806,Europe,Niger,Score,Home,91.36,7,639.52,Cash,Cancelled,2026-03-03
Michael Estes,nicholasavila@example.org,001-978-867-2527x86551,Asia,Palestinian Territory,Stuff,Home,108.95,5,544.75,PayPal,Cancelled,2026-01-20
Brian Smith,woodardmichelle@example.com,349.642.1525,North America,China,Court,Sports,166.64,4,666.56,Bank Transfer,Pending,2026-02-03
Trevor Price,daniel79@example.com,283-988-9817,Asia,Zambia,Even,Sports,194.19,1,194.19,Bank Transfer,Pending,2026-01-25
Dawn Bradley,matthew97@example.com,(410)834-3676x32059,North America,Netherlands,Clearly,Home,195.18,8,1561.44,Bank Transfer,Pending,2026-01-08
Melinda Parker,jcampbell@example.org,001-443-918-5619x6867,Asia,Dominican Republic,Television,Electronics,444.68,7,3112.76,Credit Card,Cancelled,2026-03-31
Raymond Morgan,lharris@example.org,209-666-0586x2027,North America,Tunisia,Reach,Electronics,223.66,9,2012.94,Bank Transfer,Pending,2026-02-20
Lauren Hunt,jennifer42@example.com,333.509.6848x6793,South America,Haiti,Tend,Books,79.77,2,159.54,Bank Transfer,Cancelled,2026-02-16
Mr. Matthew Crane,eddie78@example.com,875-769-7067x055,South America,Nepal,Author,Sports,285.39,2,570.78,Credit Card,Completed,2026-01-22
Diana Evans,adavis@example.com,5292337544,Africa,Faroe Islands,Low,Sports,119.55,9,1075.95,Bank Transfer,Cancelled,2026-04-05
Vanessa Gibson,brightsteven@example.org,(646)247-2269,Asia,Tonga,Security,Clothing,24.08,8,192.64,Bank Transfer,Pending,2026-01-01
Jennifer White,lleon@example.com,001-382-952-6042x9604,South America,Cameroon,Standard,Clothing,291.77,4,1167.08,Credit Card,Completed,2026-02-06
Patricia Allen,rebecca96@example.net,367-957-8864x6158,South America,Macao,More,Clothing,320.84,10,3208.4,Credit Card,Pending,2026-02-18
Bobby Gomez,bonniebond@example.net,370-925-5118,Asia,Qatar,Toward,Sports,471.09,9,4239.81,Credit Card,Completed,2026-03-31
Christopher Johnson,john29@example.net,+1-651-629-3178x513,Asia,Nauru,Age,Books,277.76,7,1944.32,Bank Transfer,Pending,2026-03-28
Jamie Russell,ortegacurtis@example.org,001-962-232-0292x323,Europe,Fiji,Mention,Sports,431.56,8,3452.48,Cash,Cancelled,2026-03-09
James Schroeder,kcarter@example.org,+1-506-566-7959x8426,South America,Greece,Writer,Books,399.98,6,2399.88,Bank Transfer,Completed,2026-01-07
Kara Graham,meagan62@example.org,+1-241-210-1811x452,Africa,New Caledonia,Data,Home,259.65,4,1038.6,Cash,Pending,2026-01-19
Joshua Taylor,ryanjesus@example.net,552-326-9523,Europe,Somalia,Star,Electronics,197.45,7,1382.15,PayPal,Cancelled,2026-01-01
James Robertson,michaelrose@example.com,992-274-3724x0404,South America,Lao People's Democratic Republic,Body,Books,146.12,9,1315.08,Cash,Pending,2026-01-01
Jennifer Gibson,anthonywilson@example.net,(654)554-5660,North America,Lebanon,Science,Books,443.96,3,1331.88,Credit Card,Pending,2026-01-29
Isaac Moore,allenjennifer@example.com,768-598-9912x116,Africa,Norfolk Island,Effect,Clothing,461.25,9,4151.25,Bank Transfer,Completed,2026-02-28
Austin Cooper,dmccarthy@example.net,3868450726,Africa,Vanuatu,Away,Electronics,105.46,9,949.14,Bank Transfer,Pending,2026-04-02
Kathleen Austin,jennifer39@example.org,001-577-458-9920x272,Africa,United States Virgin Islands,Attorney,Books,244.69,8,1957.52,Credit Card,Pending,2026-01-31
Roy Lopez,barnettkimberly@example.net,347-843-3883x9594,South America,Colombia,Measure,Clothing,198.68,7,1390.76,Credit Card,Completed,2026-03-06
Laura Hughes,christopher46@example.com,(697)352-4413x6992,South America,Palestinian Territory,Language,Clothing,368.67,6,2212.02,PayPal,Cancelled,2026-01-30
Shirley Butler,stevenskurt@example.org,817-447-1077x1261,South America,Turkey,Close,Home,333.79,2,667.58,Bank Transfer,Cancelled,2026-04-03
Jesse Davis,christopher96@example.net,404.498.5853x0231,Europe,Comoros,According,Clothing,159.21,5,796.05,PayPal,Cancelled,2026-01-30
Aaron Watkins,monica25@example.com,(984)741-0094x311,North America,Gambia,Year,Clothing,195.18,4,780.72,Bank Transfer,Pending,2026-01-06
Michael Munoz,sharonhorn@example.net,(289)308-8499,South America,Tunisia,None,Clothing,357.79,8,2862.32,Cash,Completed,2026-01-26
Robert Williams,scott41@example.org,915.868.8862,Asia,Monaco,Catch,Books,141.38,1,141.38,Credit Card,Pending,2026-02-15
Matthew Hernandez,stoneapril@example.com,632.800.6560,Europe,Saint Lucia,Challenge,Sports,69.92,2,139.84,PayPal,Cancelled,2026-01-26
Haley Benson,sydney51@example.com,9452542934,Africa,United Kingdom,Police,Books,495.77,4,1983.08,Cash,Cancelled,2026-03-10
Richard Palmer III,sheri16@example.net,(345)219-4984x15672,Africa,Faroe Islands,Music,Clothing,56.3,10,563.0,Cash,Cancelled,2026-02-13
Jacob Webb,oowens@example.com,6076100582,Asia,Barbados,Nation,Clothing,372.16,9,3349.44,Cash,Completed,2026-04-06
Nicole Galloway,jwashington@example.net,(643)677-4002x00088,Asia,Brunei Darussalam,Professional,Books,498.67,4,1994.68,PayPal,Completed,2026-03-02
Kevin Bell,jennifer66@example.net,+1-495-683-4819x76788,Africa,American Samoa,Discuss,Sports,384.22,10,3842.2,Bank Transfer,Completed,2026-01-21
Mandy Rios,ftucker@example.net,5237769252,Asia,Thailand,Bring,Home,146.08,9,1314.72,Bank Transfer,Cancelled,2026-04-03
Melissa Miller,randall59@example.org,(689)431-5507,North America,Algeria,Hear,Home,86.78,3,260.34,PayPal,Completed,2026-03-21
Claudia Hebert,christian98@example.org,738-430-8813,South America,Hungary,Start,Books,395.94,7,2771.58,Credit Card,Pending,2026-02-05
Terri Nelson,louis16@example.org,561.491.5267x8959,Europe,Iraq,Large,Home,183.86,6,1103.16,PayPal,Pending,2026-01-17
Brian Boyle,petersgregory@example.net,001-303-310-2691,North America,Argentina,Page,Clothing,174.62,4,698.48,Bank Transfer,Pending,2026-02-24
Michael Jacobs,richard84@example.org,731-427-9465x31126,Asia,Marshall Islands,Song,Electronics,236.76,2,473.52,Cash,Completed,2026-04-08
Daniel Mccall,kelseychang@example.org,801.846.9960x057,Europe,Benin,True,Home,334.42,10,3344.2,PayPal,Completed,2026-03-30
Jenny Newton DVM,jonestina@example.org,476-360-0824x789,South America,Peru,Either,Home,306.95,2,613.9,Credit Card,Pending,2026-01-14
Jacqueline Salazar,josephlopez@example.com,444.694.2851x345,Africa,Namibia,Admit,Clothing,70.21,5,351.05,Credit Card,Pending,2026-02-19
David Pittman,harrisnancy@example.com,375.917.3855,Africa,Barbados,Wrong,Home,288.33,8,2306.64,Cash,Completed,2026-03-28
Tara Adkins,lisa56@example.com,852-542-3390,Europe,Saint Pierre and Miquelon,Interesting,Sports,35.91,6,215.46,Bank Transfer,Pending,2026-02-01
Roberta Medina,ronaldcosta@example.com,903.950.8485,Africa,Germany,Receive,Home,47.41,7,331.87,Cash,Completed,2026-01-13
Jason Cannon,lindsey57@example.com,383-701-2666x40145,Asia,Saint Pierre and Miquelon,Hair,Sports,175.28,5,876.4,PayPal,Completed,2026-03-06
Lindsay Bolton,aprilmitchell@example.net,+1-253-967-3920,Europe,Ethiopia,Visit,Clothing,298.28,10,2982.8,Credit Card,Cancelled,2026-01-06
Cody Schwartz,tyler95@example.com,(724)698-5538,Europe,French Guiana,Decision,Books,25.42,10,254.2,Credit Card,Cancelled,2026-02-10
Kelsey Morrow,etorres@example.org,929-234-9054,Asia,Kenya,Move,Books,421.12,10,4211.2,Credit Card,Cancelled,2026-01-21
Diana Manning,bvazquez@example.com,745-893-6878x5477,North America,Montenegro,Treat,Sports,150.39,2,300.78,Bank Transfer,Pending,2026-03-13
Jennifer Barajas,michael54@example.net,+1-712-501-9029x3422,South America,Cook Islands,Painting,Clothing,379.06,2,758.12,PayPal,Cancelled,2026-04-02
Casey Jennings DVM,john45@example.net,454-511-4795x1463,Asia,Guinea-Bissau,Play,Home,265.88,10,2658.8,Bank Transfer,Pending,2026-03-25
Angela Wilson,briannasosa@example.org,001-725-942-8324,North America,Samoa,If,Books,365.08,4,1460.32,Credit Card,Pending,2026-01-14
Jonathan Shepard,jean75@example.org,(666)627-6861x7632,South America,Taiwan,Manage,Home,351.77,1,351.77,Cash,Cancelled,2026-02-05
Kyle Ramirez,thomas30@example.com,(742)448-3386x9068,North America,Zambia,Degree,Clothing,177.58,3,532.74,Cash,Cancelled,2026-02-09
Fernando Figueroa,westcheryl@example.org,892.967.6643x32851,Europe,Uganda,Manage,Home,450.56,8,3604.48,Credit Card,Completed,2026-02-12
Gary Armstrong,donald45@example.com,(626)692-7072x03821,Asia,Nauru,Term,Books,489.43,3,1468.29,Bank Transfer,Pending,2026-02-18
Sydney Johnson,louisdaniels@example.com,(410)828-0947x13263,Africa,Portugal,Experience,Books,331.18,7,2318.26,Bank Transfer,Cancelled,2026-03-17
Kenneth Jackson,johnsonmichael@example.net,622-383-7738x5686,North America,India,Consumer,Books,281.15,10,2811.5,PayPal,Cancelled,2026-04-09
Dennis Odom,bautistadanny@example.net,565.793.4409x975,South America,New Caledonia,Receive,Books,26.38,2,52.76,PayPal,Completed,2026-03-12
Dawn Johnson,lauracoleman@example.org,420.637.3203,North America,Malaysia,Special,Electronics,239.86,8,1918.88,Credit Card,Completed,2026-04-03
Catherine Lopez,gibbsjoshua@example.net,793-287-0810x4878,North America,Equatorial Guinea,When,Electronics,91.48,3,274.44,Credit Card,Cancelled,2026-01-29
Dennis Ashley,johnwood@example.net,672-740-9991,North America,Cuba,Dog,Electronics,280.64,3,841.92,Credit Card,Completed,2026-02-03
Amanda Ford,zdavis@example.net,214.713.0991,North America,Jersey,Cell,Clothing,265.97,8,2127.76,PayPal,Completed,2026-01-31
Richard Flores,istewart@example.com,438.811.8058,Africa,Argentina,Throw,Home,336.23,1,336.23,Credit Card,Cancelled,2026-04-07
David Dalton,barnesanthony@example.org,(923)455-8322x82561,South America,Somalia,Page,Books,453.47,3,1360.41,Bank Transfer,Completed,2026-02-27
Joseph Evans,kellysims@example.net,001-941-603-4927x2889,North America,Mexico,Speech,Books,129.69,7,907.83,Credit Card,Cancelled,2026-02-05
Colleen Alexander,lbennett@example.net,001-389-616-2028x5698,Asia,Azerbaijan,Few,Electronics,117.76,8,942.08,PayPal,Pending,2026-01-06
Patrick Jensen,gabrielklein@example.net,(906)965-4231x7434,Asia,Angola,By,Home,441.72,7,3092.04,PayPal,Pending,2026-01-09
Brett Fisher,grantrobert@example.net,388-569-3538,North America,China,Project,Clothing,459.21,9,4132.89,Cash,Cancelled,2026-01-29
Christina Stevens,schneiderjoseph@example.net,+1-218-338-0339,South America,Marshall Islands,Head,Electronics,475.11,10,4751.1,Cash,Cancelled,2026-04-05
Jonathan Gates,davidli@example.org,5934910073,North America,Uzbekistan,Test,Sports,81.73,9,735.57,Credit Card,Completed,2026-02-13
Rebecca Rios,hwilson@example.com,311.626.9488x973,North America,Guinea,Prove,Sports,130.37,1,130.37,Bank Transfer,Pending,2026-01-25
Diane Thomas,kimberly65@example.com,419.293.4047x69478,South America,Thailand,Usually,Electronics,111.99,4,447.96,Credit Card,Completed,2026-04-06
Susan Ross,holly15@example.net,6984359167,Europe,Armenia,Film,Clothing,64.24,7,449.68,PayPal,Pending,2026-03-01
Kathleen Bryant,kcox@example.net,5209890184,South America,Israel,Pattern,Clothing,174.01,4,696.04,Bank Transfer,Cancelled,2026-01-12
Ryan Sullivan,sbailey@example.com,001-371-755-6410x537,South America,Colombia,Affect,Electronics,135.08,10,1350.8,Cash,Completed,2026-01-03
Dr. Thomas Nguyen MD,stephensbilly@example.org,001-334-794-5976x3495,Asia,Saint Kitts and Nevis,Popular,Sports,259.86,5,1299.3,Cash,Completed,2026-01-11
Evan Petersen,charleslewis@example.org,(959)540-5982,North America,United States Virgin Islands,Could,Sports,454.07,6,2724.42,Credit Card,Pending,2026-01-27
Gary Le,dana69@example.org,001-793-299-3817,Africa,Northern Mariana Islands,Or,Sports,93.21,5,466.05,PayPal,Pending,2026-04-09
Andre King,zhopkins@example.org,(427)765-2666,South America,Iran,Pass,Electronics,16.39,4,65.56,Cash,Completed,2026-01-01
David Bass MD,james82@example.net,285-844-1016,South America,Cyprus,Rock,Electronics,377.7,5,1888.5,PayPal,Cancelled,2026-02-11
Roy Molina,caitlynspencer@example.com,956-443-5265x233,North America,Bosnia and Herzegovina,Someone,Sports,254.11,6,1524.66,PayPal,Completed,2026-02-25
Christopher Garcia,joshuamiller@example.com,400.326.8315x034,South America,Namibia,Indicate,Sports,219.69,10,2196.9,Cash,Cancelled,2026-02-23
Joshua Hess,stevenharris@example.com,001-462-619-4207x01497,Africa,Gabon,Interest,Books,168.38,9,1515.42,Credit Card,Completed,2026-02-20
Caleb Fischer,valeriemartin@example.org,+1-519-482-1595x56907,Europe,Lao People's Democratic Republic,Fire,Clothing,24.32,6,145.92,Bank Transfer,Pending,2026-04-07
Jeffrey Clark,martinezjaime@example.com,001-827-454-1616x334,Africa,Cook Islands,News,Sports,273.22,5,1366.1,Cash,Completed,2026-03-30
Glenda Erickson,deborah83@example.com,001-559-881-1893,Asia,Vanuatu,Bank,Home,152.98,1,152.98,Credit Card,Cancelled,2026-02-15
Cody Martinez,lorisnyder@example.com,730.961.9447,Africa,Mozambique,Develop,Clothing,206.45,5,1032.25,PayPal,Completed,2026-01-02
Julia Robbins,allenangela@example.org,001-830-269-6984x657,South America,Mauritania,Loss,Books,364.53,6,2187.18,Bank Transfer,Cancelled,2026-01-26
Alexander Strickland,adamspatrick@example.net,936.679.1031,Asia,Pitcairn Islands,Indeed,Electronics,244.24,7,1709.68,Cash,Cancelled,2026-01-07
John Costa,woodspaul@example.net,992-269-0079x15186,North America,Hungary,Somebody,Clothing,282.43,7,1977.01,Cash,Cancelled,2026-01-17
Xavier Morales,brianunderwood@example.net,(212)709-1518x8224,South America,Guernsey,Piece,Books,146.91,2,293.82,Bank Transfer,Completed,2026-03-28
Angela Greer,buchananmichael@example.net,+1-249-240-5203x74749,Europe,Ecuador,First,Home,229.22,4,916.88,Credit Card,Completed,2026-04-06
Andrew Johnson,calebanderson@example.org,(944)337-7199,Asia,United Kingdom,Rate,Books,170.39,9,1533.51,Cash,Pending,2026-02-22
Mr. Cody Simmons,melaniehendrix@example.net,4593580373,South America,Saint Vincent and the Grenadines,People,Electronics,430.85,2,861.7,Credit Card,Pending,2026-03-08
Daniel Mejia,vasquezjeremy@example.org,+1-647-370-2842x79299,South America,Korea,Society,Home,397.06,5,1985.3,Credit Card,Completed,2026-03-04
Travis Chapman,mrichard@example.net,548.514.7296,South America,Mali,Each,Home,39.8,9,358.2,Bank Transfer,Cancelled,2026-03-31
Lauren Maddox,wandareed@example.net,001-509-702-6837,Asia,Tuvalu,Everybody,Electronics,389.72,2,779.44,Credit Card,Cancelled,2026-04-09
William Price,gordonbradford@example.org,(544)389-0025,Asia,Sao Tome and Principe,Only,Electronics,311.4,5,1557.0,Credit Card,Pending,2026-04-05
Ryan Horton,cindy31@example.com,(828)510-9260,South America,Sudan,Wall,Electronics,459.11,7,3213.77,Bank Transfer,Pending,2026-01-11
Amy Williams,jennifer91@example.net,001-942-606-8984,South America,Bouvet Island (Bouvetoya),Order,Sports,380.09,1,380.09,PayPal,Pending,2026-01-29
Melinda Taylor DDS,wolfelizabeth@example.com,(674)583-8107x5943,Africa,Belgium,Interesting,Electronics,173.56,4,694.24,PayPal,Completed,2026-03-26
Kevin Jacobs,eerickson@example.com,+1-427-940-3271,Europe,Monaco,Memory,Sports,377.85,9,3400.65,Cash,Cancelled,2026-03-29
Donald Downs,mcaldwell@example.com,(382)733-6943,Asia,Brazil,Kid,Books,112.63,4,450.52,PayPal,Completed,2026-01-09
Timothy Kelley,kjames@example.org,313-817-5561x94841,Europe,Saudi Arabia,Free,Clothing,294.3,4,1177.2,PayPal,Cancelled,2026-03-03
Caroline Thompson,shawdaniel@example.com,449.243.7282x972,Europe,Grenada,Plant,Clothing,66.81,3,200.43,PayPal,Cancelled,2026-02-13
Mark Roberts,wilkersonrachel@example.org,254.503.5811x6287,South America,Palau,Book,Home,27.12,3,81.36,Credit Card,Pending,2026-02-05
Seth Schmidt,rreed@example.net,(667)950-4840x5896,North America,Zimbabwe,Increase,Books,224.57,4,898.28,Bank Transfer,Cancelled,2026-01-30
Jennifer Phelps,daniel21@example.net,376-774-4248,Asia,Reunion,Soldier,Books,423.88,1,423.88,Bank Transfer,Cancelled,2026-03-06
Kathleen Foster,willisdennis@example.org,876.459.0945,South America,French Southern Territories,Trial,Books,96.78,4,387.12,Cash,Completed,2026-03-07
Robert Castaneda,bennettdawn@example.com,314.786.4545x011,Europe,Mauritania,Story,Electronics,227.79,4,911.16,Cash,Completed,2026-03-15
Robert Armstrong,michelle95@example.com,(450)811-4283x6909,Europe,Libyan Arab Jamahiriya,Police,Electronics,118.6,8,948.8,PayPal,Cancelled,2026-03-28
Michael Green,bradytravis@example.net,8004388555,Africa,Mali,Skill,Home,45.92,7,321.44,PayPal,Pending,2026-01-24
Michael Oliver,ebrown@example.com,+1-551-825-4364x80520,Asia,Yemen,Edge,Home,410.41,2,820.82,Bank Transfer,Cancelled,2026-04-06
Stephen Potter,andremorgan@example.org,(422)344-7473,Europe,Lao People's Democratic Republic,Democrat,Electronics,394.56,5,1972.8,Credit Card,Completed,2026-03-30
Bethany Carpenter,williamjohnston@example.org,001-834-531-3611x7909,Africa,Maldives,Hot,Clothing,304.74,7,2133.18,PayPal,Cancelled,2026-02-19
Timothy Wilson,youngelizabeth@example.com,919-591-3910,North America,Czech Republic,Occur,Clothing,115.31,10,1153.1,PayPal,Cancelled,2026-01-09
Michael Dean,vincentglenn@example.com,222-936-3616,Asia,Palau,Little,Home,312.49,7,2187.43,Cash,Completed,2026-01-27
Dalton Vaughn,yhuffman@example.org,(741)490-9821x43625,Africa,Georgia,Leader,Books,32.29,8,258.32,PayPal,Pending,2026-03-22
Krista Perez,garyhinton@example.com,+1-216-604-5650x76253,Europe,Bolivia,Trip,Clothing,179.35,9,1614.15,Bank Transfer,Completed,2026-03-10
Michael Andrews,smithmary@example.net,(724)439-0050,Africa,New Caledonia,Sense,Electronics,420.49,9,3784.41,PayPal,Cancelled,2026-01-08
Cassidy Smith,andrewluna@example.com,+1-382-521-3245x25734,South America,Mauritania,Same,Electronics,38.67,2,77.34,Credit Card,Cancelled,2026-01-01
Kimberly Wright,jmartinez@example.net,962-988-9913x9248,South America,Ecuador,Sure,Books,245.86,8,1966.88,PayPal,Pending,2026-03-03
Megan Avila,bishoppedro@example.com,564-252-9725x437,North America,Uruguay,Matter,Sports,287.24,9,2585.16,Credit Card,Completed,2026-02-19
Megan Hicks,amanda18@example.net,758-681-0894,Europe,Estonia,Garden,Home,71.79,7,502.53,PayPal,Completed,2026-02-23
Hannah Raymond,fsantiago@example.org,451-497-5595x068,South America,Slovakia (Slovak Republic),Never,Home,55.99,3,167.97,Bank Transfer,Pending,2026-01-16
Emily Johns,anelson@example.com,001-954-253-8507x416,South America,Micronesia,Member,Electronics,160.46,2,320.92,Cash,Pending,2026-01-09
Richard Hayes,douglas22@example.net,(398)893-9610,Asia,Tonga,Young,Books,408.93,3,1226.79,Bank Transfer,Pending,2026-01-20
Cody Roberts,justin17@example.com,+1-408-650-7696x58701,Europe,Bahrain,Computer,Home,45.7,6,274.2,Bank Transfer,Pending,2026-03-11
Leslie Smith,ashley71@example.net,(479)451-5468x734,South America,Jamaica,Leader,Electronics,411.18,5,2055.9,Credit Card,Pending,2026-02-13
Steven Hernandez,danielguzman@example.org,001-846-585-8532x57960,Africa,Saint Lucia,Century,Home,314.13,1,314.13,Cash,Completed,2026-02-19
Christopher Parks,ballardtanya@example.net,(769)458-1874x875,North America,Suriname,Base,Books,368.01,8,2944.08,PayPal,Pending,2026-02-04
Benjamin Goodman,hodgejasmin@example.org,824.780.5251,Asia,Azerbaijan,Standard,Books,326.0,3,978.0,Bank Transfer,Cancelled,2026-02-03
Christopher Gibson,owilliams@example.com,352.885.5925,Asia,Saint Helena,Step,Clothing,479.32,3,1437.96,PayPal,Completed,2026-03-13
Curtis Dickerson,nicholasoliver@example.org,(622)823-4326x1274,North America,Lesotho,Produce,Sports,36.97,3,110.91,Bank Transfer,Completed,2026-03-21
Bradley Campos,baldwinthomas@example.net,001-241-461-9814x3553,Asia,Bosnia and Herzegovina,Firm,Electronics,150.61,3,451.83,Credit Card,Cancelled,2026-01-24
Michael Randall,dfowler@example.net,+1-884-726-1625,North America,Rwanda,Policy,Home,225.93,5,1129.65,Credit Card,Completed,2026-03-26
Ryan Chambers,david85@example.net,763.285.6675x868,Africa,Swaziland,Ahead,Sports,202.67,10,2026.7,Bank Transfer,Pending,2026-01-24
Michelle Gonzalez,margaret93@example.net,269-797-2901x73973,South America,Hong Kong,Third,Home,292.31,4,1169.24,Bank Transfer,Cancelled,2026-03-22
Brenda Krueger,williamsonpatricia@example.org,935-747-6736x44684,North America,Serbia,Action,Books,422.4,4,1689.6,PayPal,Cancelled,2026-01-03
Angela Clark,danaclark@example.com,665-666-1278,North America,Monaco,Some,Books,321.82,10,3218.2,Bank Transfer,Pending,2026-01-16
Beth Moore,monique55@example.net,545-312-1483x1720,North America,Reunion,Minute,Electronics,173.66,5,868.3,PayPal,Pending,2026-02-25
Douglas Brown,brittany72@example.org,(284)974-3637,Asia,Sweden,Eye,Home,89.82,10,898.2,Credit Card,Completed,2026-03-19
Amy Palmer,brandi66@example.org,6959379020,Asia,Martinique,Hundred,Clothing,325.51,2,651.02,Bank Transfer,Completed,2026-02-12
Hunter Mcmillan,zsantiago@example.net,(716)962-7830x199,North America,United Kingdom,Appear,Sports,56.16,6,336.96,Credit Card,Cancelled,2026-03-23
Paul Davenport,ipierce@example.net,427-730-7685x8954,Africa,Kenya,Travel,Clothing,327.54,10,3275.4,Credit Card,Cancelled,2026-04-09
