customer,email,phone,region,country,product,category,price,quantity,total,payment_method,status,date
Mr. Charles Martin Jr.,zpowell@example.net,(316)511-4363,Europe,Hungary,Chance,Clothing,94.08,10,940.8,PayPal,Pending,2026-03-31
Helen Foster,fwilliamson@example.net,(564)663-5314,Asia,Greenland,Government,Electronics,44.02,1,44.02,Bank Transfer,Cancelled,2026-03-11
Tony Brown,nwise@example.net,+1-875-823-4017x884,South America,Zambia,Along,Sports,461.47,8,3691.76,Credit Card,Cancelled,2026-02-21
Theresa Kennedy,raven25@example.org,242.721.8434x2568,Africa,Zimbabwe,Know,Electronics,400.09,3,1200.27,Bank Transfer,Cancelled,2026-01-15
Clayton Lewis,jose26@example.com,529.676.9966,South America,Thailand,Hot,Sports,150.1,6,900.6,PayPal,Completed,2026-01-29
Timothy Cook,amy81@example.net,410-790-9082x226,Asia,Sweden,Republican,Sports,329.28,7,2304.96,Bank Transfer,Completed,2026-02-19
Amy Hebert,dean42@example.net,001-802-298-5117x262,Africa,Uganda,Size,Home,352.61,9,3173.49,Bank Transfer,Completed,2026-02-24
Dana Thomas,tgilmore@example.com,492.500.8659,North America,Saint Kitts and Nevis,City,Home,311.09,2,622.18,PayPal,Cancelled,2026-02-22
Frank Lynn,yatesdavid@example.net,625-950-6090x28372,South America,Zimbabwe,Show,Books,434.54,3,1303.62,Cash,Pending,2026-01-05
Nathan Bradley,megangallagher@example.net,298.702.6111x75656,Europe,Sweden,Television,Electronics,391.08,7,2737.56,Bank Transfer,Completed,2026-03-06
Ryan Bryant,patrickhansen@example.net,001-231-830-5927x210,South America,Burundi,Floor,Sports,23.55,9,211.95,Cash,Cancelled,2026-02-19
Aaron Gonzalez,allenmcmahon@example.org,310-337-6816,South America,Reunion,Total,Sports,325.84,10,3258.4,Credit Card,Pending,2026-01-29
Luis Cordova,moralesangelica@example.org,+1-596-226-2974x937,North America,Djibouti,Must,Home,347.0,9,3123.0,PayPal,Completed,2026-03-30
Wanda Brooks,louismccarthy@example.org,261.455.4266,Europe,Faroe Islands,However,Clothing,218.78,10,2187.8,Bank Transfer,Cancelled,2026-03-15
James Pierce MD,manningbilly@example.net,+1-982-690-0755,Europe,Ukraine,Store,Home,197.49,4,789.96,Credit Card,Pending,2026-03-22
Miranda Campbell,porterjanice@example.net,001-481-827-8211x6821,South America,Isle of Man,Least,Home,193.72,4,774.88,Credit Card,Completed,2026-01-25
Michael Gomez,daniellebarry@example.org,001-379-428-8418x244,North America,Costa Rica,Watch,Sports,191.93,9,1727.37,Cash,Cancelled,2026-01-04
Kelly Castro,christinabrewer@example.com,666.792.8781x6165,South America,Israel,Together,Home,362.35,6,2174.1,Cash,Completed,2026-01-01
Monica Davis,gjackson@example.com,838.392.6047x32312,Asia,Zimbabwe,Season,Sports,231.74,6,1390.44,Bank Transfer,Cancelled,2026-03-05
Jennifer Orozco,ghamilton@example.org,728-391-8610,Africa,Saint Kitts and Nevis,Less,Clothing,397.31,10,3973.1,PayPal,Completed,2026-01-02
Allison Byrd,bakerkevin@example.org,534-970-4767x38168,South America,Paraguay,Marriage,Sports,281.47,3,844.41,Bank Transfer,Pending,2026-01-12
Blake Hunt,deannasmith@example.net,611-272-4293,South America,Egypt,Be,Sports,224.33,8,1794.64,PayPal,Pending,2026-01-14
Kenneth Hunt,holly98@example.net,874-888-5170,Europe,Jordan,Water,Home,300.96,2,601.92,Credit Card,Pending,2026-01-16
Makayla Booth,murphykimberly@example.org,+1-407-606-6017x840,North America,Korea,Artist,Electronics,269.96,8,2159.68,Credit Card,Cancelled,2026-02-04
Michelle Li,kenneth57@example.net,4783083767,Europe,Barbados,Argue,Sports,414.66,4,1658.64,Cash,Cancelled,2026-01-17
Antonio Hernandez,christopher32@example.com,454.299.5036x9433,Asia,Guatemala,Use,Electronics,131.65,5,658.25,PayPal,Completed,2026-02-09
Angela Caldwell,justingalloway@example.com,(285)888-5967,Asia,Kuwait,Lay,Home,336.52,9,3028.68,Bank Transfer,Cancelled,2026-01-30
Travis Brown,gregory55@example.org,(919)685-8248x1883,North America,Western Sahara,Itself,Books,482.96,9,4346.64,Cash,Cancelled,2026-01-03
Paul Randolph,william01@example.org,989-276-7987x8978,South America,Micronesia,Loss,Books,342.05,6,2052.3,Credit Card,Cancelled,2026-03-16
Benjamin Wilkinson,hwilliams@example.net,+1-750-825-4798,North America,Kiribati,Attention,Electronics,366.49,7,2565.43,Bank Transfer,Completed,2026-01-17
Michelle Miller,kmorrow@example.org,(942)477-3623x633,North America,Pitcairn Islands,Process,Clothing,103.36,7,723.52,PayPal,Pending,2026-02-12
Michael Banks,nbaldwin@example.net,437-831-0749,Europe,Sudan,Admit,Clothing,72.69,4,290.76,Credit Card,Cancelled,2026-02-12
James Potter,blackjanet@example.org,(791)642-0507x4269,South America,Russian Federation,Machine,Home,389.98,7,2729.86,Credit Card,Cancelled,2026-02-10
Sara Hall,oconner@example.org,001-406-709-6658x044,South America,Falkland Islands (Malvinas),Film,Home,12.2,10,122.0,PayPal,Cancelled,2026-01-13
Reginald Shaw,david56@example.org,893.394.8741x484,Europe,Ukraine,White,Books,78.32,3,234.96,Credit Card,Completed,2026-02-11
Matthew Robinson,laurenzuniga@example.net,001-496-328-2496x3976,Africa,British Indian Ocean Territory (Chagos Archipelago),Including,Books,360.2,9,3241.8,Cash,Completed,2026-03-04
Sarah Roberts,holdererin@example.org,317.220.1996x1044,Europe,Pitcairn Islands,Product,Home,13.16,8,105.28,PayPal,Pending,2026-01-08
Craig Fowler,hwhite@example.com,839.399.0091x448,South America,Cyprus,Human,Clothing,489.18,10,4891.8,Credit Card,Pending,2026-01-09
Shelley Watson,benjaminrobinson@example.org,5227301930,North America,Aruba,Fine,Electronics,269.07,5,1345.35,Credit Card,Completed,2026-01-18
Carla Aguilar,gutierrezandrew@example.net,+1-631-854-3079x120,Europe,Saint Lucia,Film,Home,281.53,10,2815.3,Credit Card,Cancelled,2026-03-08
Leah Walker,iwilson@example.com,(618)781-4028x631,Asia,Suriname,Tend,Home,450.35,10,4503.5,Bank Transfer,Cancelled,2026-01-12
Ronald Green,huntmegan@example.org,306-681-3784x5512,South America,Uzbekistan,Action,Books,209.4,9,1884.6,PayPal,Cancelled,2026-03-19
Mary Hawkins,katherineduran@example.com,001-919-740-0769x0357,Africa,Argentina,Subject,Home,89.79,6,538.74,PayPal,Cancelled,2026-01-04
Jeffrey Pittman,kevinford@example.net,243.446.1232x271,North America,Malta,Strong,Books,452.95,7,3170.65,Credit Card,Pending,2026-02-03
Steven Rodriguez,crystal05@example.net,863-227-5042,Africa,Tanzania,Sea,Clothing,249.87,6,1499.22,Credit Card,Cancelled,2026-03-19
Kevin Phillips,michaelholmes@example.net,+1-364-995-1899,North America,Burkina Faso,Reason,Electronics,209.96,1,209.96,Bank Transfer,Pending,2026-03-01
Nancy Ray,lauragaines@example.com,973-727-7616,South America,Tonga,Kitchen,Home,163.46,4,653.84,Credit Card,Cancelled,2026-02-16
Lee Wong,probinson@example.com,468.873.5001,South America,Saint Helena,My,Sports,58.81,4,235.24,Bank Transfer,Pending,2026-03-23
Heather Franklin,jessicapitts@example.com,519-737-0098,Africa,Georgia,Cell,Home,69.85,3,209.55,Bank Transfer,Pending,2026-02-28
Kyle Webster,jimmygutierrez@example.org,+1-887-869-4182x4872,Africa,Nauru,Scientist,Electronics,92.47,8,739.76,Cash,Cancelled,2026-01-20
Natasha Simmons,bfreeman@example.net,001-953-718-1936,South America,Somalia,Site,Home,449.07,10,4490.7,PayPal,Pending,2026-01-22
Zachary Bowman,zacharybrooks@example.net,001-993-204-9581,Africa,Martinique,Indeed,Electronics,345.27,7,2416.89,Cash,Pending,2026-02-11
Jordan Alexander,mhart@example.com,723-936-1975x29283,Europe,Turkmenistan,Gun,Home,333.39,7,2333.73,Cash,Cancelled,2026-01-29
Nicholas Bright,bchapman@example.org,(348)937-1802x486,Asia,Liberia,Quite,Sports,349.84,5,1749.2,Credit Card,Completed,2026-03-17
Emma Salazar,lopezjose@example.com,+1-370-406-2599x6095,Africa,Jersey,Weight,Sports,17.27,9,155.43,PayPal,Pending,2026-01-14
Tyler Ford,carrillowilliam@example.com,974-505-5564x844,Asia,Uruguay,Land,Electronics,65.63,9,590.67,Cash,Cancelled,2026-01-08
Tara Grant,kroth@example.com,7167630737,Africa,Belarus,Party,Books,121.74,1,121.74,PayPal,Pending,2026-03-19
Pamela Robertson,munozshaun@example.net,299.302.1218x282,Asia,Montserrat,Ok,Sports,415.71,3,1247.13,Bank Transfer,Pending,2026-01-25
Steven Smith,samuelshepard@example.net,(486)515-1679x0479,North America,Grenada,Grow,Clothing,344.2,3,1032.6,Credit Card,Cancelled,2026-04-03
Carol Aguilar,patrick75@example.org,717-975-4260,Asia,Kyrgyz Republic,Record,Electronics,332.35,8,2658.8,Bank Transfer,Cancelled,2026-03-09
Desiree Harmon,castrotraci@example.net,+1-734-288-7050x530,Asia,Czech Republic,Scientist,Home,301.69,3,905.07,Bank Transfer,Completed,2026-03-28
Brittany Green,pamela27@example.net,562.358.3562x923,North America,Dominican Republic,Garden,Sports,72.32,6,433.92,Credit Card,Cancelled,2026-03-08
Sandra Murphy,ggarner@example.net,(301)203-0478x96827,Asia,Central African Republic,Including,Electronics,118.87,8,950.96,Credit Card,Cancelled,2026-03-03
James Hines,christina10@example.org,8024889370,Europe,Turkey,Knowledge,Books,419.24,9,3773.16,PayPal,Cancelled,2026-02-17
Michelle Quinn,qcarter@example.com,524.480.0559x550,Africa,Costa Rica,Value,Sports,404.57,5,2022.85,PayPal,Pending,2026-03-07
William Brown,dfaulkner@example.net,7394619638,South America,Palau,Girl,Books,209.14,9,1882.26,Cash,Cancelled,2026-03-31
Kevin Butler,stephen53@example.net,787.479.4699,Europe,Uruguay,Success,Clothing,263.0,7,1841.0,Bank Transfer,Pending,2026-04-03
Jonathan Bond,griley@example.com,+1-526-674-2270x201,Asia,Burkina Faso,Management,Electronics,190.4,6,1142.4,Credit Card,Cancelled,2026-03-16
Christopher Howell,kenneth45@example.com,(817)705-3666x370,Asia,Seychelles,Door,Sports,79.36,7,555.52,PayPal,Completed,2026-02-05
Ryan Irwin,drewsantiago@example.net,251.268.0206,South America,Reunion,Upon,Electronics,245.38,5,1226.9,Cash,Cancelled,2026-03-07
Laura Moyer,jeffrey43@example.com,314-573-8941x1411,Africa,Kazakhstan,Whom,Electronics,107.03,10,1070.3,PayPal,Cancelled,2026-03-29
Michael Keith,villanuevagwendolyn@example.org,9156365157,South America,Bahamas,Each,Sports,212.34,9,1911.06,Cash,Pending,2026-01-02
Chase Sullivan,riddlebrian@example.com,(606)218-4852,Asia,Tajikistan,Article,Books,55.97,8,447.76,Credit Card,Completed,2026-03-24
Jennifer Thomas,melissapatel@example.net,(346)713-7049x533,South America,Denmark,Interesting,Electronics,227.49,10,2274.9,PayPal,Cancelled,2026-03-18
Angela Rocha,beth38@example.com,575.729.6199x89764,Europe,Algeria,Through,Home,443.37,8,3546.96,Bank Transfer,Completed,2026-01-05
Danielle Harvey,sabbott@example.org,519.528.1854,North America,France,Join,Books,192.63,5,963.15,Bank Transfer,Pending,2026-02-22
Robert Porter,dorseymichele@example.net,(546)343-7374x0613,Asia,Anguilla,Between,Home,238.16,3,714.48,Credit Card,Completed,2026-03-23
Brian Miller,jonespatricia@example.net,001-605-826-0895x55012,North America,Rwanda,Food,Electronics,212.05,4,848.2,Cash,Pending,2026-01-22
Christopher Ramirez,samuelrandolph@example.org,(771)426-4244x07827,Africa,Barbados,Any,Books,252.78,1,252.78,Bank Transfer,Completed,2026-01-22
Melanie Williams,bowens@example.com,221.665.7386x46000,Africa,Lithuania,Clearly,Clothing,138.53,6,831.18,PayPal,Completed,2026-02-04
Jermaine Nguyen,joshuarichards@example.net,670.851.0192,Asia,Hungary,Certainly,Electronics,23.97,3,71.91,Credit Card,Completed,2026-01-03
Sean Fernandez,huntereric@example.org,682.449.4730,Europe,Palau,Officer,Electronics,161.78,7,1132.46,PayPal,Completed,2026-04-02
Aaron Anderson,collinthomas@example.com,845-832-2991x133,Asia,Wallis and Futuna,Side,Clothing,458.01,6,2748.06,Bank Transfer,Completed,2026-03-04
Lee Carpenter,kristenrobinson@example.com,001-305-568-3296x78904,Africa,Turkey,South,Home,122.4,9,1101.6,Cash,Cancelled,2026-02-23
Katherine Adams,gsampson@example.org,(389)961-7489,Asia,Wallis and Futuna,Name,Books,53.8,8,430.4,Bank Transfer,Pending,2026-03-01
Willie Pierce,nknight@example.com,+1-800-477-0788x62849,Europe,South Georgia and the South Sandwich Islands,Never,Clothing,288.15,5,1440.75,Credit Card,Completed,2026-02-15
William Duarte,gregoryjenna@example.org,7363471267,South America,Israel,Foreign,Clothing,20.66,3,61.98,Bank Transfer,Pending,2026-03-02
Courtney Brown,edwardbrown@example.net,780-513-1529,Europe,Slovakia (Slovak Republic),Cold,Home,246.58,1,246.58,Cash,Completed,2026-01-21
Tony Brown,lmartinez@example.org,242-308-9684,South America,Czech Republic,Throughout,Sports,476.46,8,3811.68,Bank Transfer,Completed,2026-03-03
Donald Garcia,danielleserrano@example.org,649-397-9797x835,Africa,Gambia,Skill,Sports,190.99,3,572.97,PayPal,Completed,2026-01-17
Jeremy Gilbert,sarah46@example.org,3553412511,Europe,Trinidad and Tobago,Piece,Books,442.49,7,3097.43,Cash,Pending,2026-03-05
Nicole Riley,meredith22@example.com,001-648-734-7814x910,South America,Armenia,Man,Sports,50.31,4,201.24,PayPal,Cancelled,2026-02-16
Melissa Alexander,rachel95@example.com,961-851-1844x4054,North America,Uzbekistan,Among,Sports,326.32,10,3263.2,Bank Transfer,Pending,2026-03-02
Austin Li,sjones@example.com,518.979.7172x7869,Africa,Tajikistan,Step,Clothing,324.09,2,648.18,PayPal,Completed,2026-01-11
David Smith,kevinbush@example.com,605-263-7812x934,Europe,Turks and Caicos Islands,Better,Books,202.5,7,1417.5,Cash,Cancelled,2026-02-13
James Glover,joy51@example.net,(408)560-7493x58972,South America,Luxembourg,Experience,Clothing,180.59,1,180.59,PayPal,Completed,2026-03-18
Gavin Lee,murphymelissa@example.org,001-539-770-0249x267,Asia,Brunei Darussalam,Interest,Home,296.43,3,889.29,PayPal,Cancelled,2026-01-13
Heather Beard,matthew83@example.com,(656)343-7071,Europe,Iceland,People,Sports,58.66,5,293.3,PayPal,Cancelled,2026-01-13
Louis Lang,jamessilva@example.net,(705)770-7328x24570,North America,Saint Kitts and Nevis,To,Home,485.78,6,2914.68,PayPal,Cancelled,2026-03-14
Meredith Cook,dominique98@example.org,001-837-968-7247,North America,Denmark,Leg,Clothing,228.5,1,228.5,Cash,Cancelled,2026-03-13
Teresa Hubbard,larry89@example.org,919.419.5003,North America,Uganda,Lose,Clothing,419.39,3,1258.17,Cash,Completed,2026-02-28
Eric Cannon,bray@example.com,+1-284-973-8173x6618,South America,Taiwan,Land,Sports,35.69,10,356.9,PayPal,Pending,2026-01-07
John Mcdaniel,christine46@example.org,7144589393,North America,Russian Federation,Soldier,Sports,118.9,4,475.6,Bank Transfer,Completed,2026-02-11
Joshua Vargas,bethanyherrera@example.com,(423)355-8855x73342,Europe,South Africa,News,Books,38.14,9,343.26,Cash,Cancelled,2026-02-25
Walter Webster,justinbarker@example.com,489.334.9570,South America,Germany,Kind,Electronics,403.98,3,1211.94,PayPal,Pending,2026-01-10
Kimberly Smith,yhooper@example.net,001-560-363-5229x17414,North America,Nepal,Other,Home,443.41,5,2217.05,Cash,Pending,2026-02-28
Paul Skinner,hayescarolyn@example.com,(894)844-8331,South America,Spain,Someone,Books,169.44,1,169.44,Bank Transfer,Cancelled,2026-02-10
Brian Bates,armstrongjamie@example.com,(474)564-8578,South America,Latvia,Little,Sports,340.99,5,1704.95,Credit Card,Completed,2026-01-25
Sheri Lang,michael85@example.org,741-740-5076x44699,Europe,Oman,That,Electronics,478.72,10,4787.2,Credit Card,Cancelled,2026-01-22
Alexa Gibson,leonardkeith@example.com,877-307-4868x15588,North America,Mauritania,Serious,Home,53.62,2,107.24,Cash,Completed,2026-01-12
Aaron Lloyd,dcarr@example.com,+1-594-673-9702,South America,Venezuela,Bit,Sports,137.05,5,685.25,Cash,Completed,2026-03-17
Cameron Smith,wesleyjohnson@example.net,+1-322-602-0472x0910,North America,Germany,Eat,Clothing,65.13,6,390.78,Credit Card,Cancelled,2026-02-12
Brent Lawrence,harpersarah@example.org,001-368-747-4951x823,Africa,Senegal,Simple,Clothing,221.23,8,1769.84,Bank Transfer,Pending,2026-04-05
Crystal Bowman,qbryant@example.net,001-759-627-8641x05631,Asia,Finland,Want,Sports,432.08,1,432.08,Bank Transfer,Pending,2026-04-05
Nicholas Green DVM,sarahcunningham@example.net,255.905.4536x677,Africa,Italy,Action,Electronics,364.62,10,3646.2,Credit Card,Completed,2026-01-25
Xavier Young,valerieellis@example.org,3898382520,North America,Western Sahara,Remember,Electronics,87.62,9,788.58,Credit Card,Completed,2026-02-26
Shawn Huff,qsnyder@example.org,(373)333-0062x65371,Europe,Russian Federation,Along,Clothing,222.52,9,2002.68,PayPal,Pending,2026-02-22
William Hernandez,wgreen@example.net,727.443.2440,South America,Cote d'Ivoire,Specific,Electronics,466.47,7,3265.29,PayPal,Completed,2026-01-19
Jared Jacobs,daniel81@example.net,+1-811-673-9713x100,Africa,United States Virgin Islands,Live,Clothing,469.25,7,3284.75,PayPal,Cancelled,2026-03-30
Michael Cantu,lisa45@example.net,802.789.9869x65894,North America,Congo,Peace,Books,206.06,10,2060.6,Cash,Pending,2026-02-23
Alyssa Richardson,beckypowell@example.com,001-449-553-4088x9637,Africa,Cambodia,Professional,Home,49.56,3,148.68,PayPal,Pending,2026-02-23
Robert Robinson,oliverwendy@example.org,592-739-8317x409,Africa,Mayotte,At,Sports,42.91,8,343.28,Bank Transfer,Pending,2026-01-14
Melissa Wilkins,montgomeryamanda@example.com,+1-707-252-3278x5946,South America,Latvia,Try,Sports,278.07,6,1668.42,Cash,Completed,2026-03-23
John Harris,racheltorres@example.com,385-838-3986,North America,Ireland,Industry,Books,330.1,3,990.3,Credit Card,Pending,2026-02-15
Anna Peters,wilsonanthony@example.org,(435)850-9467x8701,Europe,Rwanda,Direction,Sports,243.22,10,2432.2,Bank Transfer,Cancelled,2026-04-04
Scott Johnson,valentinejulie@example.com,804-476-2557x736,Europe,Svalbard & Jan Mayen Islands,Per,Sports,444.71,9,4002.39,Bank Transfer,Completed,2026-02-07
Michele Patterson,wdiaz@example.org,(551)412-5569x88676,Europe,British Indian Ocean Territory (Chagos Archipelago),Read,Books,48.74,1,48.74,Cash,Pending,2026-04-04
Kayla Brock,gbrown@example.org,001-328-867-8041,Europe,Aruba,Power,Home,216.75,10,2167.5,Bank Transfer,Pending,2026-01-06
Erik Contreras,isaacclark@example.com,001-768-767-2737x6324,North America,Libyan Arab Jamahiriya,Small,Sports,258.42,8,2067.36,Bank Transfer,Completed,2026-02-25
Jeffrey Brown,deborahcharles@example.org,702.429.9114x489,Asia,Hong Kong,Necessary,Clothing,59.15,2,118.3,Cash,Pending,2026-02-20
Michael Cruz,leepatricia@example.net,(746)668-5864x836,Asia,Lao People's Democratic Republic,Do,Books,477.06,5,2385.3,Cash,Pending,2026-01-01
Sarah Peters,christopher21@example.com,+1-751-980-8956x685,Africa,Finland,Subject,Electronics,419.83,8,3358.64,PayPal,Completed,2026-03-09
Cory Hays,wendygarcia@example.com,6917510910,Europe,Grenada,Kind,Home,469.83,1,469.83,Bank Transfer,Pending,2026-03-24
James Boyer,jamie20@example.com,247-949-2794x4491,Asia,Maldives,From,Books,142.73,6,856.38,Cash,Pending,2026-03-03
James Clarke,heathtara@example.com,997.465.5540x8326,North America,Zimbabwe,Later,Clothing,73.0,4,292.0,PayPal,Completed,2026-03-21
Mariah Hughes,alexanderwilliams@example.org,(460)769-3033,South America,Kenya,Official,Clothing,255.73,3,767.19,PayPal,Completed,2026-02-24
Colin Ortiz,samanthajones@example.org,+1-586-639-0674,Africa,New Zealand,Plant,Electronics,135.29,7,947.03,Cash,Pending,2026-03-29
Nichole Clayton,madelinewebb@example.org,627-980-5176x564,Asia,Nigeria,Today,Clothing,63.36,4,253.44,Cash,Completed,2026-01-17
Jacqueline Johnson,millerjesus@example.org,001-221-248-8841x820,North America,El Salvador,Similar,Home,274.14,8,2193.12,Bank Transfer,Completed,2026-02-11
Michael Mcgee,cathy91@example.org,210-511-3922x08611,Europe,Bangladesh,Step,Home,116.5,1,116.5,Bank Transfer,Cancelled,2026-03-07
Kelly Padilla,teresafernandez@example.com,(479)400-7252x495,South America,Suriname,Child,Clothing,438.83,9,3949.47,Cash,Pending,2026-01-11
Erica Cardenas,ifoster@example.org,(882)969-3611,Africa,Singapore,Charge,Electronics,498.65,2,997.3,Credit Card,Pending,2026-01-11
Brett Zamora,angelacarr@example.com,573-949-5904x073,South America,Holy See (Vatican City State),Name,Books,173.92,4,695.68,Cash,Cancelled,2026-03-23
Lisa Hebert,daniel21@example.org,(612)847-9439x8324,Asia,Georgia,Black,Home,99.8,5,499.0,Cash,Completed,2026-01-22
Kristin Hoffman,jholloway@example.com,+1-254-575-8119,North America,Finland,Care,Books,229.72,6,1378.32,Bank Transfer,Cancelled,2026-02-08
Andrew Stewart,okennedy@example.com,001-741-757-8656x63429,Europe,Senegal,Wish,Electronics,153.85,9,1384.65,Credit Card,Cancelled,2026-02-28
David Kelley,angelabrooks@example.com,001-240-975-9438,Europe,Rwanda,Foreign,Clothing,91.53,7,640.71,Credit Card,Pending,2026-01-31
Shelly Clark,paulwarner@example.net,001-783-470-9077x0584,Africa,Moldova,Own,Home,238.71,1,238.71,PayPal,Pending,2026-02-11
Darlene Estrada,jill97@example.net,001-326-393-5355x118,North America,Antigua and Barbuda,Research,Electronics,296.22,3,888.66,PayPal,Pending,2026-03-13
Jim Hooper,fischercristian@example.net,643-672-8739x6668,Asia,Bulgaria,Catch,Sports,347.19,7,2430.33,PayPal,Pending,2026-03-01
Cody Gonzalez,larryharper@example.net,(559)591-6931x67165,Europe,Gambia,Its,Electronics,376.01,2,752.02,Bank Transfer,Pending,2026-01-06
Amy Ayers,tammyhuerta@example.org,+1-780-989-4186,Africa,Namibia,Entire,Electronics,369.94,9,3329.46,Bank Transfer,Pending,2026-02-15
Mike Copeland,melanie58@example.net,(639)933-2896x57846,South America,Armenia,Traditional,Clothing,220.57,6,1323.42,Cash,Pending,2026-02-24
Stephanie Garner,brandon12@example.com,001-396-305-2665x22744,South America,Gibraltar,Institution,Books,487.25,1,487.25,Bank Transfer,Pending,2026-01-15
Bradley Burns,vreilly@example.org,877.392.3883,Asia,Serbia,Big,Books,326.74,6,1960.44,PayPal,Cancelled,2026-04-03
Jonathan Collins,martingriffin@example.com,(780)413-7651,South America,Palestinian Territory,Culture,Home,208.26,1,208.26,Bank Transfer,Pending,2026-02-22
Kaitlyn Jenkins,wlyons@example.net,+1-651-242-7819x3037,Europe,Mauritania,Later,Electronics,247.48,1,247.48,PayPal,Pending,2026-03-12
Eric Garrison,dana40@example.org,697-808-5301x659,North America,Argentina,Different,Books,16.68,9,150.12,Bank Transfer,Pending,2026-04-03
Richard Valentine,williamspeter@example.net,+1-936-556-0632x28300,Africa,United Arab Emirates,Song,Books,332.6,6,1995.6,PayPal,Pending,2026-03-26
Bonnie Turner,jpitts@example.com,001-752-899-9292,North America,Bahrain,Serious,Electronics,462.49,3,1387.47,Bank Transfer,Pending,2026-03-05
Chad Lee,awillis@example.org,697.959.0570x8713,Asia,Venezuela,Water,Electronics,196.22,8,1569.76,PayPal,Cancelled,2026-03-15
Angel Weiss,suarezdakota@example.org,632.767.3553x11314,Asia,Belize,Significant,Home,358.27,7,2507.89,Bank Transfer,Cancelled,2026-03-08
Juan Miller,kellerdaniel@example.org,001-261-823-6938x94436,Asia,Benin,Us,Clothing,488.68,1,488.68,Bank Transfer,Cancelled,2026-01-30
Leslie Griffin,williamsstephen@example.com,+1-517-314-4845,Asia,French Polynesia,Move,Home,107.4,4,429.6,Cash,Pending,2026-03-04
Jill Dyer,allison84@example.com,(508)330-0009,Asia,Djibouti,Safe,Clothing,236.88,9,2131.92,Bank Transfer,Completed,2026-02-03
Heather Booth,traci01@example.net,9819716943,Asia,Finland,Interesting,Home,439.57,8,3516.56,Bank Transfer,Pending,2026-02-24
Dr. Terry Perkins,danieljackson@example.org,597.479.6907x8247,Africa,Myanmar,Life,Clothing,153.33,7,1073.31,Cash,Pending,2026-03-09
Peter Holt,rebeccamiller@example.org,746.543.9306,Europe,Tonga,Structure,Books,62.85,8,502.8,PayPal,Pending,2026-03-06
Mary Yoder,vickiegonzalez@example.com,(697)356-8540,North America,Saudi Arabia,Security,Clothing,133.6,4,534.4,Cash,Pending,2026-01-27
Robert Rodriguez,acostasusan@example.org,+1-313-408-8601x59144,Africa,Turks and Caicos Islands,Training,Clothing,366.32,1,366.32,Cash,Cancelled,2026-01-15
Chad Shelton,austinwarren@example.com,001-429-749-2701x3814,Asia,Montenegro,Loss,Clothing,396.93,5,1984.65,PayPal,Pending,2026-01-14
Brenda Baker,shelleyhall@example.com,6184121528,Europe,Kyrgyz Republic,Easy,Clothing,478.33,1,478.33,Bank Transfer,Completed,2026-03-16
Denise Nelson,adamsdavid@example.com,394-915-6112,North America,Honduras,Local,Books,428.51,7,2999.57,Bank Transfer,Cancelled,2026-03-13
Lance Miller,garrisonlisa@example.org,200.823.0767,Asia,Western Sahara,Let,Clothing,192.29,10,1922.9,Credit Card,Cancelled,2026-01-17
Daniel Abbott,bknight@example.com,526.905.2677x81856,South America,Mauritius,Class,Sports,36.35,3,109.05,Cash,Cancelled,2026-02-14
Jordan Reid,qlawrence@example.org,001-532-514-9222x433,Europe,Israel,Apply,Books,431.84,9,3886.56,Credit Card,Completed,2026-01-08
Tracie Russell,williamsmichael@example.com,001-643-798-9606x04764,North America,Sudan,Join,Clothing,366.89,2,733.78,PayPal,Cancelled,2026-02-23
Steven Russell,hpalmer@example.org,379.509.6682x274,Africa,South Africa,Draw,Home,427.9,9,3851.1,Credit Card,Cancelled,2026-01-20
Madison Brown,tracy49@example.com,504-396-5797,South America,South Georgia and the South Sandwich Islands,Number,Electronics,67.84,10,678.4,Bank Transfer,Completed,2026-02-13
Heather Lopez,zjohnson@example.org,483-313-1144,Africa,Anguilla,Book,Clothing,306.08,6,1836.48,PayPal,Cancelled,2026-03-21
Robert Sanchez,carolvaughn@example.com,+1-667-562-4898x57823,Asia,France,Wonder,Sports,208.12,1,208.12,Credit Card,Cancelled,2026-02-11
Mr. Chad Ho,nguyenjulie@example.org,8514833835,Africa,Bosnia and Herzegovina,Plant,Sports,433.35,7,3033.45,Credit Card,Completed,2026-03-11
Dana Arroyo,maciaskristi@example.net,615.201.3274,Europe,Somalia,Threat,Sports,400.9,10,4009.0,Credit Card,Completed,2026-01-29
Tracy Clark,ambercrawford@example.org,(677)961-4273,South America,Congo,Quickly,Home,446.54,1,446.54,Cash,Cancelled,2026-01-24
Julia Anderson,shartman@example.com,332.413.5510x7310,South America,Saudi Arabia,Keep,Home,332.6,2,665.2,Bank Transfer,Completed,2026-03-25
Brandi Werner,kellyjason@example.com,276-259-1128,Asia,Luxembourg,Themselves,Books,253.85,3,761.55,Cash,Cancelled,2026-03-18
Sara Reese,brett84@example.com,275-302-9286,Europe,Namibia,Purpose,Books,243.87,4,975.48,Cash,Completed,2026-03-24
Gabriela Gray,keith69@example.org,322.293.4055,Asia,Mauritius,Education,Home,438.45,1,438.45,PayPal,Pending,2026-01-30
Helen Williams,stonedavid@example.com,(676)326-3656x147,North America,South Africa,Try,Books,356.32,2,712.64,Credit Card,Pending,2026-03-31
Richard Kennedy,gwelch@example.net,7278953281,Africa,Holy See (Vatican City State),Military,Clothing,372.86,3,1118.58,Cash,Cancelled,2026-03-05
Patricia Medina,carterjason@example.net,(665)709-9417x2429,Asia,Solomon Islands,Hard,Clothing,484.44,8,3875.52,Cash,Pending,2026-03-09
Philip Gross,wesley63@example.net,348.946.8234x1233,North America,Guernsey,Attorney,Sports,97.52,8,780.16,Credit Card,Pending,2026-03-30
Craig Lin,jstevens@example.net,6246850831,Africa,French Southern Territories,Ready,Sports,372.08,4,1488.32,Credit Card,Cancelled,2026-01-16
Angela Wilson,barbara89@example.org,919.609.0688,South America,San Marino,Industry,Sports,256.82,9,2311.38,Credit Card,Cancelled,2026-01-18
Justin Sosa,teresa66@example.net,001-403-956-2280x9626,North America,Russian Federation,Sing,Sports,461.44,5,2307.2,PayPal,Cancelled,2026-02-07
Brittany Rodriguez,alexjohnson@example.org,760.782.3359,North America,Sweden,Almost,Home,124.5,2,249.0,PayPal,Cancelled,2026-01-28
Scott Simon,silvaashley@example.net,(273)259-2430x243,Africa,Micronesia,Consider,Sports,300.29,8,2402.32,Credit Card,Pending,2026-02-04
Katherine Merritt,palvarado@example.com,(298)597-5790x99324,Asia,Kyrgyz Republic,Avoid,Electronics,203.95,4,815.8,Cash,Completed,2026-03-16
Cynthia Pearson,ufoster@example.net,001-967-256-7375x8514,South America,Niger,Factor,Home,58.1,1,58.1,Cash,Pending,2026-01-14
Kevin Nelson,qmunoz@example.net,+1-617-875-9367x00424,Europe,Sierra Leone,Require,Books,493.83,9,4444.47,PayPal,Pending,2026-03-26
Monica Fleming,bkennedy@example.org,597.970.2268x381,North America,Indonesia,Condition,Books,261.18,1,261.18,Cash,Completed,2026-02-05
Charles Knight,robertobanks@example.org,+1-743-852-6776x9405,Africa,Qatar,Father,Sports,104.59,9,941.31,Credit Card,Pending,2026-02-19
Karen Cabrera,emay@example.com,8506961267,Europe,Bahamas,Program,Home,43.05,2,86.1,Credit Card,Cancelled,2026-01-18
Deanna Wright,derrick76@example.net,001-464-700-7251x121,Europe,Netherlands Antilles,Physical,Electronics,146.57,2,293.14,Credit Card,Cancelled,2026-01-22
Drew Steele,tanya61@example.com,643-513-1480x140,South America,Belarus,Cell,Sports,417.74,7,2924.18,Credit Card,Completed,2026-03-14
Joel Goodwin,greenebrent@example.org,(253)616-1768,Europe,Peru,Standard,Books,375.77,1,375.77,Bank Transfer,Cancelled,2026-02-14
Barbara Owens,christopher56@example.net,663-827-5301x0989,North America,Costa Rica,Another,Sports,251.55,3,754.65,Bank Transfer,Pending,2026-04-05
David Reed,johnsonlisa@example.com,001-919-835-9482x362,North America,British Virgin Islands,Break,Sports,356.46,5,1782.3,Credit Card,Pending,2026-01-01
Bruce Ray,sjames@example.org,993.290.7058x5089,South America,Niger,Guess,Books,291.84,6,1751.04,PayPal,Cancelled,2026-03-04
Jerry Contreras,rpena@example.net,(875)346-9655x8014,Europe,Liechtenstein,Safe,Home,345.61,7,2419.27,PayPal,Pending,2026-02-11
Mrs. Bethany Stevens MD,nwilliams@example.org,+1-971-730-7846x18775,Europe,Guyana,Peace,Electronics,175.5,8,1404.0,Credit Card,Pending,2026-01-04
Kyle Baker,danielle03@example.org,924.819.0303,South America,Finland,Without,Books,86.47,1,86.47,PayPal,Cancelled,2026-03-09
Justin Adams,mcoleman@example.net,(768)608-0547x86108,Africa,Syrian Arab Republic,Determine,Sports,108.67,4,434.68,Bank Transfer,Cancelled,2026-01-02
Molly Kelly MD,kevingonzalez@example.org,+1-757-285-7856x18437,Europe,Romania,Money,Sports,164.54,6,987.24,Credit Card,Cancelled,2026-01-24
Thomas Bailey,daisy21@example.com,595-909-2139x50789,North America,Argentina,Effect,Sports,432.16,4,1728.64,Cash,Cancelled,2026-03-26
Rhonda Grant,hernandezmark@example.net,797.377.9157x69481,Europe,Netherlands Antilles,Building,Clothing,318.16,7,2227.12,PayPal,Completed,2026-03-21
Tina Smith,elizabethglenn@example.net,001-741-360-8208,Asia,Tunisia,Would,Electronics,268.8,4,1075.2,Bank Transfer,Cancelled,2026-03-30
Peter Dominguez,henrycynthia@example.net,883.393.7188x695,Africa,China,Fall,Electronics,290.29,6,1741.74,Credit Card,Pending,2026-01-19
Laura Harvey,edwardsdylan@example.com,861.296.3683x9055,Asia,South Georgia and the South Sandwich Islands,Recently,Home,445.4,2,890.8,PayPal,Completed,2026-02-10
Susan Cabrera,brett06@example.net,698.296.3655,Asia,Holy See (Vatican City State),Couple,Books,87.14,3,261.42,Cash,Cancelled,2026-04-03
Dylan Walters,csalinas@example.com,974.370.4555,North America,Morocco,Human,Electronics,342.09,2,684.18,Cash,Pending,2026-03-13
Bryan Bailey,debramurray@example.org,(552)894-5363x489,South America,Pitcairn Islands,Fund,Sports,253.31,7,1773.17,PayPal,Completed,2026-03-03
Rachel Shaffer,ashley02@example.net,566.968.2666x76932,Asia,American Samoa,Speak,Home,28.35,6,170.1,Cash,Completed,2026-02-18
Louis Ortega,ulewis@example.org,001-531-276-6235x3308,North America,Namibia,Member,Sports,417.5,8,3340.0,Bank Transfer,Cancelled,2026-03-30
Mrs. Alicia Butler,ebernard@example.net,(219)618-9097x291,Africa,Norway,Money,Sports,374.82,7,2623.74,Bank Transfer,Pending,2026-01-02
Gregory Olsen,dnunez@example.org,491.526.2010,North America,Zambia,Democratic,Electronics,14.15,3,42.45,Credit Card,Pending,2026-02-20
Frank Hoffman,nbarrett@example.net,(885)580-6042,Europe,Palau,Writer,Electronics,383.52,2,767.04,Bank Transfer,Pending,2026-01-15
John Johnson,brownlisa@example.org,(357)956-0145x23038,Africa,Mayotte,Medical,Home,338.39,2,676.78,Cash,Pending,2026-02-14
Lauren Humphrey,sandovaldaniel@example.org,494-352-5089x9140,Europe,Panama,Natural,Sports,277.3,2,554.6,PayPal,Cancelled,2026-01-24
Daniel Morales,zsalinas@example.com,001-361-901-2223x395,North America,Christmas Island,Million,Home,55.55,8,444.4,Cash,Pending,2026-03-25
Kimberly Mitchell,tthompson@example.org,969.490.0626x06727,Asia,Bosnia and Herzegovina,Production,Home,225.78,4,903.12,Bank Transfer,Pending,2026-03-22
Bryan Cline,brianpatel@example.com,001-290-633-0636x77117,South America,Azerbaijan,Member,Books,422.8,9,3805.2,Cash,Completed,2026-02-12
Jenna Clark,william55@example.com,001-205-234-6418x67567,South America,Kiribati,City,Clothing,63.42,5,317.1,Bank Transfer,Completed,2026-01-25
Janet Blake,joseph57@example.com,372-474-8845,South America,Ireland,Similar,Electronics,26.78,3,80.34,PayPal,Cancelled,2026-02-28
Eric Sanders,bstone@example.net,001-695-968-8783,Africa,Hungary,Idea,Books,458.77,6,2752.62,Cash,Pending,2026-01-04
James Allen,ogonzalez@example.org,001-766-919-2749x23575,North America,Saudi Arabia,If,Electronics,136.98,3,410.94,Cash,Cancelled,2026-03-26
Katie Allen,baileybrandon@example.org,(328)209-9914,Asia,Palestinian Territory,Whether,Clothing,308.53,8,2468.24,PayPal,Cancelled,2026-03-22
Angela Sims,dmatthews@example.org,631-429-0010x41178,North America,Angola,Less,Sports,433.06,3,1299.18,Credit Card,Pending,2026-02-17
Kevin Crawford,fishermaria@example.org,001-747-924-5048x337,Asia,Palau,Us,Sports,493.86,10,4938.6,Cash,Cancelled,2026-03-02
Shawn Hunt,xnunez@example.net,897.478.9154x8292,Europe,New Caledonia,Pm,Sports,77.66,10,776.6,Bank Transfer,Completed,2026-01-23
Teresa Hansen,kim53@example.com,308.999.8130x85684,Europe,Belgium,Fall,Electronics,60.92,8,487.36,Credit Card,Pending,2026-03-06
Brian Garrett,evan26@example.net,+1-896-252-1026x6725,North America,Macao,Laugh,Clothing,464.52,1,464.52,Cash,Pending,2026-01-29
Christopher Dudley,kristie20@example.org,(650)228-8262,North America,Hong Kong,Law,Books,336.36,7,2354.52,Bank Transfer,Completed,2026-03-15
Kathleen Gomez,psullivan@example.org,877.905.7983,North America,Paraguay,Degree,Sports,263.51,1,263.51,Credit Card,Cancelled,2026-02-13
Denise Jones,yhogan@example.net,001-278-787-7663x7071,Africa,Fiji,Level,Home,431.81,10,4318.1,Cash,Completed,2026-01-19
Carmen Keith,hawkinsbrandon@example.net,561.546.8574x23261,South America,Saint Lucia,Expect,Electronics,202.67,8,1621.36,Credit Card,Pending,2026-02-14
Lynn Taylor,paige31@example.net,6935547440,North America,Saint Helena,Miss,Electronics,473.26,1,473.26,Bank Transfer,Completed,2026-04-01
Samuel Preston,joshuajohnston@example.org,(314)243-0054x892,Africa,Bulgaria,Future,Home,53.86,9,484.74,PayPal,Completed,2026-01-16
Thomas Hill,bbenson@example.com,(354)344-6835x0822,South America,India,Cell,Home,322.06,7,2254.42,Bank Transfer,Pending,2026-01-09
Maria Ray,angela41@example.com,883-527-2139x5818,Africa,Latvia,Meet,Sports,324.95,5,1624.75,PayPal,Cancelled,2026-04-04
Angela Martinez,miguel62@example.com,(684)913-5847x3899,South America,Ireland,Note,Clothing,402.69,10,4026.9,Bank Transfer,Pending,2026-03-08
Stephen Bird,philliprivera@example.net,3788486807,North America,Central African Republic,Your,Sports,109.05,5,545.25,Credit Card,Pending,2026-02-10
Sherri Tanner,lawrence50@example.org,565-541-1081x33365,Africa,Iran,Suggest,Sports,78.09,7,546.63,PayPal,Cancelled,2026-03-04
Gregory Oliver,brandymueller@example.org,+1-522-896-1840,Europe,Saint Helena,Number,Clothing,92.63,9,833.67,Cash,Completed,2026-03-20
Melissa Thomas,lholt@example.com,001-920-959-0510x3264,Europe,Armenia,Weight,Home,125.4,4,501.6,Credit Card,Cancelled,2026-02-16
Lisa Parker,jasonguerra@example.net,824.241.2181x103,North America,Bolivia,Sound,Home,376.72,10,3767.2,Cash,Cancelled,2026-02-20
Barbara Stanley,dawn27@example.com,+1-728-891-4232x9783,Europe,Hungary,More,Sports,491.23,8,3929.84,Bank Transfer,Cancelled,2026-01-06
Todd Riley Jr.,matthewparker@example.net,543.678.5687x9317,South America,Botswana,Wall,Sports,409.36,5,2046.8,Cash,Pending,2026-01-01
Tammy Cox,parsonsmichael@example.org,742-954-6336,North America,Micronesia,Prevent,Books,251.91,7,1763.37,PayPal,Pending,2026-03-25
Robert Welch,davistravis@example.net,312-741-5463x8090,North America,Malaysia,Manager,Home,419.0,7,2933.0,Cash,Cancelled,2026-03-15
Alison Carter,sandraray@example.org,9369513837,Africa,Venezuela,Property,Sports,98.91,10,989.1,PayPal,Cancelled,2026-03-10
Steven Aguirre,jamesstone@example.com,4346608250,Europe,Kyrgyz Republic,Miss,Sports,118.19,4,472.76,Credit Card,Completed,2026-04-05
Travis Williams,robbinsleah@example.net,4483397798,South America,Gambia,Theory,Home,48.36,8,386.88,PayPal,Pending,2026-01-11
Amanda Macdonald,lmoody@example.org,6953427250,Asia,Antigua and Barbuda,Traditional,Books,377.24,7,2640.68,Credit Card,Pending,2026-02-04
Jeffery Lynch,tiffanyjenkins@example.net,(527)856-1436x53804,Asia,Montserrat,Test,Clothing,136.44,5,682.2,PayPal,Cancelled,2026-01-03
Sharon Olson,etorres@example.net,489-537-4002,North America,Bahamas,Those,Sports,363.53,6,2181.18,PayPal,Completed,2026-02-21
Hannah Butler,umoore@example.com,8507536569,Africa,Somalia,Rock,Home,85.07,10,850.7,PayPal,Pending,2026-02-05
Stephen Peterson,rmcgee@example.org,581-756-7954,North America,Montserrat,Use,Home,229.87,2,459.74,PayPal,Completed,2026-02-15
Kenneth Rodriguez,karenyoung@example.com,602.348.2639x335,Europe,Saint Pierre and Miquelon,Stop,Sports,329.03,10,3290.3,Bank Transfer,Pending,2026-03-21
Phillip Hanson,rachelbrown@example.com,497.955.6064x5934,Africa,Kenya,Seven,Books,114.34,2,228.68,Bank Transfer,Completed,2026-01-18
Jeremy Jones,eforbes@example.com,251-980-1892x2607,Asia,Sierra Leone,Wall,Electronics,279.72,9,2517.48,Credit Card,Cancelled,2026-02-14
Alejandra Nelson,huntthomas@example.com,+1-742-599-4705x3986,South America,Honduras,Look,Electronics,226.57,9,2039.13,Cash,Cancelled,2026-02-07
Steven Blair,richardpeters@example.org,001-212-531-4465x802,North America,Mongolia,Until,Electronics,218.14,4,872.56,PayPal,Cancelled,2026-04-01
Janet Rivera,sharon67@example.net,+1-856-687-0587,North America,Romania,Some,Books,88.21,3,264.63,Credit Card,Cancelled,2026-01-02
Blake Lee,kristinwebster@example.net,225-383-0930x56838,Asia,Liechtenstein,Why,Home,276.49,9,2488.41,Bank Transfer,Completed,2026-04-04
Brandon Allen,gwilliams@example.com,231.793.4929x139,North America,Timor-Leste,Society,Home,251.34,10,2513.4,Bank Transfer,Pending,2026-03-20
Zachary Robertson,michaelbentley@example.com,001-472-941-9678,North America,Benin,Guy,Home,244.48,6,1466.88,PayPal,Cancelled,2026-01-03
Catherine Woodard,nmckee@example.net,001-684-327-8380x5370,South America,Samoa,Level,Books,348.47,10,3484.7,Bank Transfer,Completed,2026-03-06
Andre Pope,sparksbrian@example.net,001-332-263-7123x5788,Asia,Maldives,Agreement,Books,32.75,5,163.75,Credit Card,Pending,2026-03-14
Lisa Glass,rhondabernard@example.com,(461)864-3396x232,North America,Panama,Realize,Home,472.64,8,3781.12,PayPal,Completed,2026-01-14
Brett Adams,riggsdavid@example.net,925.992.0320,Asia,Tuvalu,Campaign,Clothing,34.56,6,207.36,Bank Transfer,Cancelled,2026-03-06
Carl Burton,jonmartin@example.net,001-208-661-3010x424,Africa,South Georgia and the South Sandwich Islands,Least,Electronics,384.58,3,1153.74,Cash,Pending,2026-04-05
Kimberly Martin,kvasquez@example.com,512.698.7535x4103,Asia,Trinidad and Tobago,Peace,Clothing,183.68,10,1836.8,Bank Transfer,Cancelled,2026-01-17
Jason Lutz,matthew75@example.net,842-878-8875,North America,Syrian Arab Republic,Teach,Electronics,319.2,4,1276.8,Credit Card,Pending,2026-01-26
Justin Harris,rmartinez@example.net,815-216-3722x583,Africa,Canada,Politics,Books,308.52,8,2468.16,Cash,Pending,2026-03-07
Curtis Shaw,davidevans@example.org,+1-402-810-9878,Asia,Russian Federation,Administration,Books,296.6,4,1186.4,Credit Card,Pending,2026-01-06
Scott Garrett,laurenhernandez@example.com,(270)697-5146x4271,Europe,Austria,Structure,Home,88.85,9,799.65,Credit Card,Pending,2026-02-10
Robert Griffin,melanie84@example.net,678.271.3275,Asia,Qatar,Continue,Clothing,364.92,1,364.92,Credit Card,Pending,2026-01-28
Shelby Woods,ccraig@example.net,+1-757-403-2198x9365,North America,Russian Federation,Upon,Electronics,52.07,1,52.07,Cash,Completed,2026-03-31
Martha Thompson,xsantiago@example.com,6837543609,South America,Guinea,Subject,Books,26.26,2,52.52,PayPal,Cancelled,2026-03-25
Robert Mckenzie,charlesburns@example.org,001-590-279-5633x8249,South America,Korea,What,Books,168.36,7,1178.52,Bank Transfer,Cancelled,2026-03-12
Casey Khan,matthewdavis@example.com,223.387.0729x031,North America,Wallis and Futuna,Media,Sports,362.65,10,3626.5,Bank Transfer,Completed,2026-04-02
Jack Mcmahon,efernandez@example.net,(489)520-4305,Asia,Norway,Nation,Clothing,479.73,7,3358.11,Bank Transfer,Completed,2026-02-08
Louis Jones,npalmer@example.net,499.391.9276,North America,Chad,Know,Clothing,442.53,5,2212.65,Bank Transfer,Completed,2026-02-16
Michele Reese,eric27@example.org,(731)296-4249x32827,Asia,Denmark,Produce,Books,247.66,1,247.66,Credit Card,Cancelled,2026-01-01
Cory Hall,aarondunn@example.net,720-549-2059,Asia,Liberia,Strategy,Clothing,52.57,4,210.28,PayPal,Cancelled,2026-03-27
Daniel Ortiz,uhernandez@example.org,371-217-2993x6737,North America,Venezuela,Management,Electronics,26.2,3,78.6,Bank Transfer,Pending,2026-01-19
Dakota Chang,matthewsherman@example.com,+1-698-430-5305,South America,Uzbekistan,Off,Home,92.21,5,461.05,Credit Card,Completed,2026-01-13
Michael Scott,colleen50@example.com,889-454-5611x6946,South America,Liechtenstein,Site,Books,275.46,8,2203.68,Bank Transfer,Cancelled,2026-02-09
Mallory Hayes,brandi77@example.com,(847)900-6745x75306,South America,San Marino,Certain,Clothing,47.75,4,191.0,Bank Transfer,Cancelled,2026-01-09
Amber Santos,tonyhays@example.org,(270)301-0782x28831,Africa,Singapore,Building,Books,349.08,2,698.16,Credit Card,Cancelled,2026-02-05
Kevin Johnson,brooksrobert@example.org,001-306-235-3673,Europe,Malaysia,Arrive,Sports,171.57,8,1372.56,PayPal,Pending,2026-03-16
Nancy Mccoy,jwilson@example.org,(206)885-5441x4232,Asia,Lebanon,Build,Sports,427.2,4,1708.8,PayPal,Cancelled,2026-01-18
Daniel Ramirez,uvelez@example.org,3522246698,Asia,Bosnia and Herzegovina,Thought,Electronics,290.02,9,2610.18,PayPal,Completed,2026-02-26
Mason Henry,jonathankrause@example.org,(439)762-1318,Africa,Tanzania,Admit,Clothing,267.71,8,2141.68,Bank Transfer,Completed,2026-02-26
Raymond Washington,michellecole@example.net,(865)718-6160,Africa,Grenada,Congress,Books,350.03,4,1400.12,Credit Card,Completed,2026-02-19
Andrew Munoz,geraldguzman@example.com,001-996-500-1845x422,Africa,Gibraltar,Service,Clothing,323.91,9,2915.19,Cash,Cancelled,2026-01-26
Deborah Wiley,henry72@example.net,+1-379-579-3380x202,Europe,China,Right,Clothing,81.7,6,490.2,Cash,Completed,2026-03-02
Dr. Justin Smith,jamesjohn@example.com,+1-323-487-2010x899,North America,Syrian Arab Republic,Front,Books,20.31,1,20.31,Credit Card,Completed,2026-01-18
Ana Robinson,nbrewer@example.org,863.673.5989,North America,Malta,Answer,Books,62.79,4,251.16,Bank Transfer,Completed,2026-01-06
Dr. Stephen Mueller,hmccarthy@example.org,+1-973-204-6960x244,Europe,Cook Islands,Player,Electronics,312.18,2,624.36,PayPal,Cancelled,2026-01-11
Steven Barnes,ismith@example.net,629.262.8108,South America,Eritrea,Anyone,Home,341.12,10,3411.2,Bank Transfer,Pending,2026-01-06
Brian West,kathryn72@example.org,(392)308-9571,Europe,Northern Mariana Islands,Effort,Electronics,324.86,5,1624.3,Credit Card,Pending,2026-01-08
Ellen Garner,troywoods@example.org,(420)226-5581x9095,Europe,Jordan,Certain,Electronics,51.2,8,409.6,Cash,Completed,2026-04-01
Samuel Buchanan,daniel62@example.com,270-502-6525,Europe,Northern Mariana Islands,Us,Sports,469.03,9,4221.27,Bank Transfer,Cancelled,2026-03-29
Jennifer Cline,khamilton@example.com,(640)895-8093,Asia,Christmas Island,Each,Clothing,455.16,4,1820.64,Bank Transfer,Completed,2026-02-12
George Kelly,nbenson@example.net,001-335-707-3779x43748,Africa,Italy,Expect,Electronics,142.88,4,571.52,Credit Card,Completed,2026-02-26
Anthony Todd,ehoward@example.com,(850)637-9255,North America,Cyprus,Huge,Home,47.25,8,378.0,Bank Transfer,Pending,2026-02-27
John Copeland,john23@example.com,(325)649-3991,North America,Colombia,Situation,Sports,343.49,4,1373.96,PayPal,Cancelled,2026-02-24
Lori Thomas PhD,matthewwheeler@example.net,(256)682-0305x148,Africa,Belgium,Discuss,Books,160.61,10,1606.1,Credit Card,Completed,2026-03-29
Christina Fowler,ashleyperkins@example.net,+1-961-231-5365x29145,Asia,Singapore,Color,Books,63.68,1,63.68,Cash,Pending,2026-01-23
Joshua Sanchez,seanwilliams@example.net,(252)289-6555x761,Asia,Vanuatu,Military,Books,288.33,8,2306.64,Cash,Pending,2026-01-13
Karen Mcgee,garciamary@example.com,+1-519-612-1464x67111,Africa,Mexico,Happen,Home,340.48,4,1361.92,Cash,Completed,2026-01-02
Jose Kaufman,enewman@example.net,(269)772-5441x889,South America,Myanmar,Wall,Home,426.14,10,4261.4,Cash,Pending,2026-02-27
Dr. Matthew Brooks,jdowns@example.com,3909578666,Europe,British Indian Ocean Territory (Chagos Archipelago),Everyone,Books,370.65,4,1482.6,Cash,Cancelled,2026-02-20
Victoria Carlson,raymondle@example.net,001-498-718-4268x637,Asia,Zimbabwe,Environment,Electronics,22.02,4,88.08,Cash,Completed,2026-01-21
John Howell,alvarezedward@example.net,001-969-606-0163x6279,Africa,Solomon Islands,Language,Home,382.88,6,2297.28,Cash,Pending,2026-01-31
Renee Mckay,howardsteven@example.org,732.825.3114x5337,North America,Suriname,Big,Clothing,349.18,5,1745.9,PayPal,Pending,2026-01-09
Heather Brown,tapiakatherine@example.org,336.633.4049,South America,Netherlands Antilles,Meet,Electronics,85.87,1,85.87,Bank Transfer,Completed,2026-03-18
Gregory Garcia,mariabrown@example.com,+1-869-638-6257x83722,North America,France,Forward,Electronics,390.52,8,3124.16,Credit Card,Cancelled,2026-03-27
Jack Baker,georgepatricia@example.com,844-971-1704,South America,Kazakhstan,Congress,Home,22.7,1,22.7,PayPal,Pending,2026-03-27
Eric Castaneda,hdillon@example.org,3899260394,Europe,Mauritania,Herself,Electronics,290.48,5,1452.4,PayPal,Cancelled,2026-01-25
Jeffrey Crawford,rmccarthy@example.com,001-264-217-4509,South America,Netherlands,Step,Clothing,260.84,1,260.84,Credit Card,Cancelled,2026-01-30
Amanda Farley,oflowers@example.org,835-562-4331x5253,Africa,Tunisia,Director,Electronics,152.61,1,152.61,Bank Transfer,Pending,2026-03-02
Lauren Robbins,davidreynolds@example.com,858-295-7010x852,North America,Botswana,Listen,Home,287.12,2,574.24,Credit Card,Cancelled,2026-04-01
Cheryl Torres,jessica40@example.com,787-492-5365,Europe,Bahrain,Within,Electronics,420.08,3,1260.24,Credit Card,Cancelled,2026-02-21
Brenda Brown,hwilliamson@example.org,4215099469,North America,British Indian Ocean Territory (Chagos Archipelago),Rise,Books,281.24,3,843.72,Bank Transfer,Completed,2026-01-23
Natasha Hill,colemanmelanie@example.org,785.243.1986,North America,Benin,Sell,Clothing,444.81,6,2668.86,Bank Transfer,Completed,2026-02-24
Kristen Townsend,angelajones@example.com,001-828-795-7433x0494,South America,Guyana,Could,Electronics,342.65,5,1713.25,Cash,Cancelled,2026-03-27
Dr. Krystal Burton,kimberly95@example.net,001-549-840-5923x687,Africa,Saint Helena,Senior,Electronics,74.41,7,520.87,Cash,Pending,2026-02-01
Barbara Palmer,molly96@example.net,586-752-2697x5091,Europe,Algeria,Against,Sports,161.41,3,484.23,Cash,Cancelled,2026-02-12
April Harper,holly70@example.net,5352748929,Asia,Norfolk Island,Skin,Clothing,107.1,5,535.5,Bank Transfer,Cancelled,2026-02-12
Denise Miller,tpope@example.net,4906098405,North America,Switzerland,Would,Sports,276.69,2,553.38,Credit Card,Cancelled,2026-02-04
Kelly Roberson,alexander19@example.com,(681)290-8214x86356,Africa,Jordan,Politics,Electronics,121.85,2,243.7,Bank Transfer,Completed,2026-04-03
Justin Richards,sanderschad@example.org,996.447.9405,South America,China,Rest,Clothing,180.49,2,360.98,Credit Card,Completed,2026-02-19
Clifford Hart,danadavila@example.com,797.410.4156x3957,Europe,Gabon,Serious,Sports,46.1,5,230.5,Bank Transfer,Completed,2026-01-12
Allen Cook,jose29@example.com,3855583535,North America,Bahrain,Physical,Clothing,343.86,1,343.86,Credit Card,Completed,2026-01-19
Randy Barker,doylechristopher@example.com,396.848.3454x4526,Europe,United States Virgin Islands,When,Books,87.75,8,702.0,Cash,Completed,2026-01-18
Teresa Mckee,ewalker@example.org,(394)915-2585x42610,North America,Hungary,Either,Home,124.52,7,871.64,PayPal,Completed,2026-01-27
Heather Dixon,courtneymccoy@example.net,785.966.2779x81388,South America,Algeria,Wife,Sports,289.36,6,1736.16,PayPal,Pending,2026-03-02
Morgan Guzman,melissa43@example.com,5955197539,Asia,Yemen,Around,Books,358.39,7,2508.73,Bank Transfer,Cancelled,2026-02-24
Brandon Glass,valerie30@example.org,685.914.7276x09718,Africa,Macao,Light,Sports,492.89,5,2464.45,PayPal,Completed,2026-03-22
Amy Washington,stewartandrew@example.com,717.240.8973,Asia,Lithuania,Minute,Clothing,384.17,4,1536.68,Credit Card,Cancelled,2026-03-12
Matthew Hill,sandrade@example.com,(375)280-3576x30705,North America,Tokelau,Own,Clothing,426.85,4,1707.4,Credit Card,Completed,2026-01-02
Rachel Murphy,kanderson@example.net,+1-786-267-5466x690,Europe,New Zealand,Like,Electronics,398.49,6,2390.94,Credit Card,Cancelled,2026-03-15
Stephanie Brown,laurengriffin@example.net,965-212-3696,Europe,Singapore,Either,Sports,236.18,2,472.36,PayPal,Pending,2026-03-21
Matthew Rodriguez,ethananderson@example.net,+1-698-521-3651x23769,Europe,Christmas Island,Manager,Sports,465.13,1,465.13,Bank Transfer,Completed,2026-01-30
Michael Watson,jamiejohnson@example.com,+1-416-978-0992x4841,Asia,Comoros,While,Books,479.78,1,479.78,Cash,Completed,2026-02-22
James Salazar,mooretrevor@example.org,410-812-9445x81562,Asia,Morocco,Agreement,Home,79.72,5,398.6,PayPal,Pending,2026-01-28
Benjamin Sanders III,chelseamartin@example.com,559.626.8904x9791,Africa,Swaziland,Affect,Electronics,125.32,6,751.92,PayPal,Cancelled,2026-01-20
Dana Harris,debralee@example.net,(483)942-8401x23695,Asia,Cameroon,Ago,Home,215.1,1,215.1,Credit Card,Completed,2026-03-31
Angela Klein,stephaniebarber@example.net,528-486-3214x0534,Europe,Nicaragua,Anyone,Home,34.97,3,104.91,Credit Card,Pending,2026-03-07
Clarence Henderson,cainbrenda@example.com,212-521-7846,South America,Jersey,Task,Home,296.93,2,593.86,Cash,Completed,2026-02-23
Jennifer Mosley,sanchezralph@example.com,(952)274-7845x762,Africa,Korea,Wall,Sports,421.91,2,843.82,Credit Card,Cancelled,2026-03-01
John Bradley,gentrywilliam@example.com,882.497.7421x14420,South America,Ukraine,Sell,Clothing,456.81,3,1370.43,Credit Card,Completed,2026-03-02
Jesse Rodriguez,nathandixon@example.com,+1-350-882-6616x699,Africa,Djibouti,Republican,Sports,411.49,7,2880.43,Bank Transfer,Cancelled,2026-03-24
Amanda Hughes,powellbrandon@example.net,701-731-1468x361,South America,Micronesia,Good,Clothing,283.63,5,1418.15,Credit Card,Completed,2026-01-14
Anthony Moreno,hubbardethan@example.com,001-245-955-9242,North America,Angola,Green,Sports,271.17,10,2711.7,PayPal,Completed,2026-03-22
Shelby Parker DVM,kathryn68@example.com,001-849-989-4527x626,Europe,Tokelau,Able,Electronics,170.89,10,1708.9,Bank Transfer,Pending,2026-02-18
Amanda Willis,wagnerrobert@example.org,792.492.1221,Africa,Northern Mariana Islands,Wait,Clothing,115.62,3,346.86,Bank Transfer,Pending,2026-02-18
William Rivers,qhowell@example.net,001-879-919-3623x7005,Europe,Sudan,Upon,Sports,63.03,7,441.21,Credit Card,Cancelled,2026-02-16
Michele Campbell,mary47@example.net,685.983.6922x02109,South America,San Marino,Teach,Electronics,418.49,5,2092.45,Bank Transfer,Completed,2026-03-02
Dominique King,ntate@example.net,254.323.8015x897,North America,Nauru,Star,Clothing,397.21,8,3177.68,Bank Transfer,Pending,2026-03-21
Anne Parker,flozano@example.org,001-753-369-1584,Europe,Equatorial Guinea,Yes,Electronics,493.75,1,493.75,Cash,Completed,2026-03-01
Melinda Romero,nelsonjerry@example.com,(287)764-7022x630,South America,Montserrat,Administration,Home,379.89,5,1899.45,Bank Transfer,Completed,2026-03-13
Nicole Escobar,berrythomas@example.org,831.342.3320x9993,Asia,Georgia,Smile,Electronics,95.82,5,479.1,Bank Transfer,Cancelled,2026-03-07
Tracy Chapman,morgankimberly@example.org,961.775.5843,Africa,Hungary,Order,Electronics,201.01,8,1608.08,Bank Transfer,Pending,2026-01-05
Brian Hickman,mstevens@example.org,933-708-2720,North America,Hungary,Follow,Home,287.09,6,1722.54,Credit Card,Pending,2026-01-23
Jared Snyder,brentellis@example.org,+1-221-711-1757,Africa,Bouvet Island (Bouvetoya),White,Clothing,498.61,7,3490.27,Cash,Completed,2026-02-24
Dr. Shane Murray,krobertson@example.org,+1-374-674-2219,South America,Dominica,Thus,Books,477.46,10,4774.6,Cash,Completed,2026-03-25
James Foster,alexander05@example.com,877.224.3971,Europe,Indonesia,Spend,Books,161.97,4,647.88,Cash,Cancelled,2026-02-17
Julie Johnson,shelleycervantes@example.org,352.833.6385,Europe,Marshall Islands,Experience,Home,294.75,7,2063.25,PayPal,Completed,2026-02-17
Isaiah Rodriguez,brendanhall@example.net,819.562.0568,South America,Jersey,Why,Electronics,34.62,3,103.86,Cash,Pending,2026-01-30
Samantha Harrison,stacy52@example.com,964.279.8652x3593,Asia,Zambia,How,Home,46.9,10,469.0,Cash,Pending,2026-02-25
Kimberly Bennett,mariasmith@example.net,631-966-3304x1449,South America,American Samoa,Class,Electronics,144.46,3,433.38,Bank Transfer,Pending,2026-03-30
Christopher Reed,veronica86@example.org,001-324-509-5846x8467,South America,United States of America,Dream,Clothing,47.47,5,237.35,PayPal,Completed,2026-02-20
Stanley Anderson,xortiz@example.net,662-908-0111,North America,Mexico,People,Sports,203.03,6,1218.18,Cash,Pending,2026-03-09
Eric Rose,randyochoa@example.com,001-696-636-7073x7675,South America,Cape Verde,Event,Clothing,351.22,4,1404.88,PayPal,Completed,2026-01-14
Linda Green,thompsoncaitlin@example.com,883.759.8798,Europe,American Samoa,Himself,Clothing,71.1,1,71.1,Credit Card,Pending,2026-03-11
David Elliott,stephanie19@example.net,334-678-1777x2160,Europe,Brazil,Money,Home,308.87,10,3088.7,Credit Card,Completed,2026-01-17
Katherine Duarte,christinegallagher@example.com,994.266.2403x0633,Asia,Saint Lucia,However,Sports,107.07,3,321.21,Bank Transfer,Completed,2026-01-28
Derek Robertson,lori25@example.org,(927)887-1274,North America,British Virgin Islands,Light,Books,154.32,6,925.92,Credit Card,Pending,2026-01-08
Jesus Hanson,janice61@example.org,860-206-5068,South America,Morocco,Animal,Electronics,384.5,8,3076.0,PayPal,Pending,2026-01-27
Michael Mueller,jonesangela@example.net,+1-743-577-0502,South America,Israel,Far,Sports,63.37,1,63.37,Cash,Cancelled,2026-03-25
James Rose,fordashley@example.net,729-489-2332x65992,Africa,American Samoa,Understand,Electronics,241.29,4,965.16,Bank Transfer,Completed,2026-03-22
Colleen Mayo,alexis43@example.net,680.318.4670x258,Asia,Myanmar,Budget,Sports,334.68,6,2008.08,Cash,Pending,2026-02-15
Sarah Santos,sarahsanders@example.org,(763)503-7760x073,North America,Namibia,Attorney,Electronics,494.0,3,1482.0,Bank Transfer,Completed,2026-02-04
Elizabeth Suarez,jsolomon@example.net,678.409.9804x68186,South America,Switzerland,Follow,Sports,492.9,5,2464.5,Cash,Cancelled,2026-02-22
Adrienne Sullivan,jensenkeith@example.net,433-765-7054x9670,Europe,Peru,Standard,Electronics,495.39,6,2972.34,Cash,Cancelled,2026-02-09
Jennifer Mays,wrightkimberly@example.org,844.841.6986x8453,Africa,Albania,Off,Clothing,79.5,7,556.5,Bank Transfer,Completed,2026-02-04
April Allen,moorecameron@example.net,931-650-8880x350,Asia,Ireland,Maintain,Clothing,367.07,9,3303.63,PayPal,Cancelled,2026-01-19
Craig Murillo,michael19@example.org,257-294-3698,North America,Montenegro,Huge,Sports,386.58,9,3479.22,Bank Transfer,Cancelled,2026-02-03
Joseph Austin,montgomerydavid@example.org,001-474-236-4516x858,Africa,Romania,Cause,Electronics,455.22,1,455.22,Credit Card,Completed,2026-03-17
Rachel Reese,nsmith@example.net,(564)713-8689x684,South America,Bhutan,Item,Electronics,289.88,1,289.88,Bank Transfer,Cancelled,2026-02-26
Rebecca Webb,velazquezmicheal@example.com,2294612376,Africa,Papua New Guinea,Write,Books,51.67,8,413.36,Credit Card,Pending,2026-04-02
Adam Oconnor,catherineparsons@example.com,309.682.2118x4227,Europe,Guinea,Building,Clothing,457.35,9,4116.15,Bank Transfer,Pending,2026-02-01
John Turner,vincentdiaz@example.com,4952116356,North America,Bulgaria,Instead,Clothing,216.18,7,1513.26,Bank Transfer,Cancelled,2026-02-27
Arthur Stevenson,bjohnson@example.net,404-873-7142x750,Europe,Maldives,Suddenly,Electronics,245.76,1,245.76,Cash,Cancelled,2026-03-03
Roberto Phillips,ylee@example.net,+1-475-420-6227,Europe,Ireland,Cover,Clothing,320.92,10,3209.2,PayPal,Cancelled,2026-03-20
Lisa Alexander,evanburns@example.net,+1-713-914-0698,South America,Samoa,Once,Clothing,93.18,2,186.36,PayPal,Cancelled,2026-02-03
Donna Cross,zpatel@example.com,264-760-5842,Africa,Niger,Happy,Clothing,43.34,6,260.04,Bank Transfer,Cancelled,2026-03-01
Donald Wilson,kevinanderson@example.org,452-803-1391x19131,North America,Italy,Check,Electronics,198.55,4,794.2,Credit Card,Pending,2026-02-13
Kelly Randall,velazquezerica@example.com,001-943-449-7987x769,Asia,Paraguay,Floor,Electronics,483.36,2,966.72,Credit Card,Cancelled,2026-03-03
Melissa Huff,isutton@example.org,382.870.5491x67999,South America,Guadeloupe,Grow,Home,362.28,5,1811.4,Credit Card,Pending,2026-02-13
Jeremy Bautista,johnblevins@example.org,(793)885-8905x93123,Africa,Cameroon,Open,Clothing,404.69,8,3237.52,Cash,Completed,2026-03-01
Tiffany French,tim16@example.net,8636922954,Europe,Madagascar,Wait,Clothing,251.6,4,1006.4,Credit Card,Completed,2026-03-24
Kayla Bell,cantrelljose@example.net,995.582.8220x93528,South America,United Kingdom,Start,Sports,430.4,3,1291.2,Bank Transfer,Cancelled,2026-03-05
Cathy Melton,littlecrystal@example.com,(506)480-1077,Africa,Guyana,Position,Sports,173.8,10,1738.0,Credit Card,Completed,2026-02-02
Dylan Lewis,mullenstacie@example.net,2939611159,Europe,Iraq,Operation,Sports,438.43,10,4384.3,PayPal,Pending,2026-01-04
Sarah Sherman,jenkinslauren@example.net,381-409-1341x19194,Asia,Argentina,Gas,Sports,403.33,9,3629.97,Cash,Completed,2026-04-05
Tammy Hart,ywoods@example.net,(464)646-6611x342,Europe,South Africa,Draw,Home,284.56,10,2845.6,Cash,Cancelled,2026-02-17
Ian Powers,jonesnicholas@example.org,(797)796-3642x0858,Europe,Lesotho,Month,Home,276.91,7,1938.37,Credit Card,Pending,2026-02-04
Bradley Tapia,emily16@example.org,(358)894-5804,Africa,United Kingdom,Prevent,Electronics,294.52,10,2945.2,Cash,Completed,2026-01-09
Heather Garcia,jodi12@example.net,(900)788-1373x36728,Africa,Denmark,Past,Home,120.65,8,965.2,Cash,Pending,2026-03-11
Veronica Powers,levinecarolyn@example.org,4195323080,North America,Bhutan,Process,Electronics,158.61,3,475.83,Bank Transfer,Completed,2026-03-11
William Pitts,crosslisa@example.com,+1-393-400-8135x249,North America,Bolivia,Across,Books,192.54,6,1155.24,PayPal,Pending,2026-01-23
Joshua Johnson,stewartdawn@example.com,768-658-7710x42688,Asia,Spain,Tv,Sports,366.81,9,3301.29,Credit Card,Completed,2026-01-31
Brittany Marks,erinbrennan@example.org,2117304623,Africa,United States Minor Outlying Islands,Chair,Electronics,490.3,10,4903.0,Credit Card,Completed,2026-03-15
Vincent Avila,john23@example.org,4045483896,North America,Djibouti,Institution,Clothing,367.33,2,734.66,Credit Card,Pending,2026-03-24
Kimberly Strickland,kelseyparks@example.net,936.866.5299,North America,El Salvador,Writer,Electronics,291.93,5,1459.65,Credit Card,Completed,2026-01-29
Judy Callahan,masonshawn@example.com,001-231-976-7500,Africa,Mayotte,Describe,Sports,473.36,8,3786.88,Bank Transfer,Completed,2026-03-13
Stacey Jones,ajohnson@example.net,001-662-436-0144x9359,North America,Mali,Score,Home,148.11,5,740.55,Cash,Pending,2026-01-16
Heather Robertson,phillipsjennifer@example.net,+1-843-415-8939x6071,South America,Mozambique,Pretty,Home,69.28,9,623.52,Bank Transfer,Pending,2026-02-03
Sandra Herman,michellebeltran@example.org,(748)730-8696x88093,Africa,Liberia,Prevent,Electronics,162.9,1,162.9,Credit Card,Cancelled,2026-02-27
Laura Moran MD,justindelacruz@example.net,001-639-854-8720x16156,Asia,Portugal,Behind,Books,227.53,8,1820.24,Credit Card,Cancelled,2026-03-27
Brady Nguyen,sandovalaimee@example.com,971.471.2930,Europe,Montserrat,Matter,Clothing,326.79,8,2614.32,Cash,Cancelled,2026-02-20
Kenneth Walker,tracy87@example.net,(837)555-7226x34171,Europe,Guyana,Nor,Clothing,358.73,10,3587.3,Credit Card,Pending,2026-03-22
Jeffrey Warner,michael59@example.org,001-221-880-0877x783,South America,Cuba,Often,Books,67.91,7,475.37,Bank Transfer,Pending,2026-03-14
Nicole Eaton,wthomas@example.org,3184043220,Asia,Namibia,Fact,Clothing,339.62,1,339.62,Credit Card,Pending,2026-02-10
Lisa Miller,deniserobinson@example.net,(532)375-6761x181,South America,Montserrat,Community,Home,103.79,7,726.53,Bank Transfer,Cancelled,2026-03-24
Joshua Conley,jasminerogers@example.org,(765)961-8366x4454,Asia,Liechtenstein,Others,Electronics,279.85,6,1679.1,Bank Transfer,Completed,2026-02-17
Jessica Brown,ccline@example.com,6292034475,North America,Zambia,Citizen,Sports,451.54,4,1806.16,Credit Card,Completed,2026-02-18
Brittany Ford,joseph46@example.net,474-536-5499,North America,Norway,Remain,Clothing,269.73,5,1348.65,PayPal,Cancelled,2026-02-02
Scott Jones,dianagonzales@example.com,(273)461-9109,South America,Congo,Finish,Books,384.52,6,2307.12,Cash,Cancelled,2026-04-02
Matthew Weiss,jamespalmer@example.com,210-906-7434x8490,South America,France,City,Home,147.38,4,589.52,PayPal,Completed,2026-01-31
Michael Shaw,thomasthomas@example.org,902.632.4255x4088,South America,Mayotte,Garden,Home,306.65,8,2453.2,Credit Card,Completed,2026-02-03
Marisa Martin,ashley28@example.net,358-873-8348,Africa,Holy See (Vatican City State),Above,Books,337.63,6,2025.78,Credit Card,Cancelled,2026-03-18
Russell Joseph,linda18@example.org,001-719-563-2690x26908,South America,Austria,Organization,Sports,290.13,10,2901.3,Credit Card,Cancelled,2026-02-08
Toni Holt,annedavis@example.com,001-805-553-3878x289,South America,Italy,Add,Sports,26.43,4,105.72,Credit Card,Completed,2026-03-04
Tracy Peck,joshua83@example.com,+1-450-811-7024x3403,North America,Benin,Serious,Sports,149.88,7,1049.16,PayPal,Completed,2026-03-13
Angela Ortega,blakevalerie@example.org,001-236-881-7821,Europe,Angola,Thing,Books,385.08,4,1540.32,PayPal,Completed,2026-01-09
Natalie Hunter,jodyhudson@example.com,476-812-6041x63143,Africa,United Kingdom,Recognize,Home,151.78,10,1517.8,Credit Card,Pending,2026-03-15
Steven Stewart,andersonstephen@example.net,664-815-3658,North America,Saint Barthelemy,Talk,Electronics,37.26,4,149.04,Credit Card,Cancelled,2026-03-17
Steve Thompson,hernandezjay@example.com,001-782-797-8539x4927,North America,Guyana,Start,Clothing,418.16,10,4181.6,Credit Card,Completed,2026-02-26
Erica Patel,gravestimothy@example.com,(877)467-5687x3583,North America,Poland,Gas,Books,97.2,1,97.2,PayPal,Completed,2026-03-17
Hunter Graham,ronaldmclaughlin@example.org,001-869-726-1843x6856,South America,Northern Mariana Islands,Continue,Books,52.03,5,260.15,Bank Transfer,Pending,2026-02-28
Sarah Ballard,robertbass@example.net,454.746.2120,South America,Denmark,Country,Clothing,345.99,4,1383.96,Cash,Pending,2026-03-04
Barry Myers,vcarlson@example.com,001-241-896-1812x436,Europe,Saint Lucia,Better,Sports,28.66,10,286.6,Bank Transfer,Completed,2026-01-06
Sheila Moore,annettemayo@example.net,001-252-522-1631x08133,North America,Libyan Arab Jamahiriya,Keep,Clothing,11.84,8,94.72,Cash,Pending,2026-02-07
Victoria Holder,fordkim@example.net,427-926-7599x9975,South America,Western Sahara,Cold,Electronics,56.84,4,227.36,Cash,Pending,2026-02-17
Daniel Burke,qhenry@example.com,685.327.8894x2358,Europe,Spain,Between,Sports,208.97,8,1671.76,PayPal,Completed,2026-04-02
Elizabeth Hopkins,mark49@example.com,(934)233-8913,North America,Estonia,Next,Sports,51.35,7,359.45,Bank Transfer,Pending,2026-03-10
Jennifer Pham,gary28@example.com,001-545-428-4559x609,Asia,Cambodia,Hard,Home,252.67,6,1516.02,Bank Transfer,Pending,2026-02-17
Heather Davenport,whitney28@example.net,001-294-760-8233,South America,Guernsey,Fear,Clothing,241.07,1,241.07,Credit Card,Pending,2026-03-11
John Steele,yberry@example.net,(994)922-1650,North America,Svalbard & Jan Mayen Islands,True,Clothing,80.86,8,646.88,Cash,Completed,2026-02-26
Jerry West,david05@example.net,489-882-7259x64148,South America,Cote d'Ivoire,Air,Clothing,442.88,3,1328.64,Cash,Completed,2026-01-16
Kayla Hamilton,leetroy@example.org,+1-888-824-4002x380,North America,Nigeria,Now,Clothing,392.1,5,1960.5,PayPal,Cancelled,2026-01-02
Mary Johnson,carlosburton@example.net,001-644-205-9402,South America,Bulgaria,Involve,Home,316.56,7,2215.92,Cash,Cancelled,2026-03-02
Michael Jones,thorntonchristy@example.com,001-316-443-5384x618,South America,Albania,Onto,Home,435.67,8,3485.36,Cash,Cancelled,2026-02-06
Jose Simmons,kgraham@example.com,(480)795-3988,Europe,Somalia,How,Electronics,59.86,9,538.74,PayPal,Pending,2026-02-19
Timothy Baker,troyjohnson@example.net,(849)948-0861,North America,Palau,Outside,Sports,82.64,5,413.2,Credit Card,Completed,2026-02-18
James Wilson,kimberly09@example.com,239-814-7619,Europe,Turkmenistan,Bar,Books,410.05,2,820.1,Cash,Pending,2026-03-05
Judy Terry,johnwilson@example.com,864-347-4120,North America,Malawi,Number,Books,473.13,5,2365.65,PayPal,Completed,2026-03-02
Sarah Burnett,donaldromero@example.org,802.576.2610x666,South America,Iraq,Standard,Clothing,492.27,6,2953.62,Bank Transfer,Completed,2026-01-03
Melissa Jackson,velasquezmichael@example.net,5964124110,North America,Venezuela,Pick,Books,314.96,3,944.88,Credit Card,Pending,2026-02-12
Elizabeth Garcia,tiffanystewart@example.org,3949641844,Europe,Northern Mariana Islands,Grow,Clothing,319.86,10,3198.6,Credit Card,Cancelled,2026-03-07
Joshua Hanson,erik29@example.net,(722)633-1825x18754,Europe,Saint Barthelemy,Hit,Books,169.76,6,1018.56,Cash,Cancelled,2026-02-06
Christopher Smith,michael30@example.com,+1-584-857-3814x2771,Asia,Trinidad and Tobago,Policy,Electronics,428.83,3,1286.49,Credit Card,Completed,2026-02-22
Jason Phillips,llawrence@example.org,(312)741-7572x318,Africa,South Georgia and the South Sandwich Islands,Loss,Clothing,241.76,10,2417.6,Credit Card,Pending,2026-03-21
Katrina Lambert,zharvey@example.com,692-533-9312,Asia,Central African Republic,Determine,Electronics,480.91,6,2885.46,PayPal,Cancelled,2026-03-19
Matthew Waller,susan38@example.net,001-620-536-1997x6982,Africa,Dominica,Expect,Clothing,81.98,6,491.88,PayPal,Pending,2026-04-01
Jennifer Mendoza,fwest@example.net,001-436-312-0312,South America,Tuvalu,Baby,Books,288.58,10,2885.8,Bank Transfer,Completed,2026-04-04
Steven Harris,rmurphy@example.org,001-562-803-2110x00005,Africa,Bangladesh,Often,Sports,448.34,2,896.68,Credit Card,Completed,2026-03-11
Brittney Thompson,ibell@example.com,+1-735-485-6415,Asia,Bahamas,Look,Home,223.49,4,893.96,Bank Transfer,Completed,2026-01-08
Joshua Steele,jenniferwatkins@example.com,615-492-1138,South America,Antarctica (the territory South of 60 deg S),More,Books,465.86,5,2329.3,Cash,Pending,2026-01-02
Mark Hill,stephanienorris@example.com,+1-206-873-5358x69357,Asia,Cape Verde,Population,Sports,456.57,5,2282.85,Cash,Completed,2026-03-18
Ivan Jones,larry48@example.net,+1-329-695-8238x532,South America,Hong Kong,Treat,Electronics,274.4,6,1646.4,Credit Card,Completed,2026-03-28
Tina Robertson,lawrencejacob@example.com,9309293018,Europe,Tuvalu,Information,Home,285.54,8,2284.32,PayPal,Pending,2026-03-11
Edgar Adams,pstewart@example.net,(863)974-4488x729,Africa,Papua New Guinea,Hundred,Home,87.94,3,263.82,PayPal,Pending,2026-02-05
Laura Walton,cassidy33@example.net,308.379.0411x192,Africa,Lao People's Democratic Republic,Eat,Sports,485.53,5,2427.65,Cash,Cancelled,2026-03-20
Timothy Murphy,sarahsmith@example.org,486.608.3277,South America,Montserrat,Other,Electronics,483.55,8,3868.4,Bank Transfer,Pending,2026-04-01
Jill Holland,joseortiz@example.net,+1-697-345-1094x989,Africa,Heard Island and McDonald Islands,Sort,Sports,52.19,9,469.71,Bank Transfer,Pending,2026-01-29
Pamela Randolph,evanmorgan@example.net,704-299-4699x213,Europe,Samoa,Center,Sports,95.09,10,950.9,Bank Transfer,Pending,2026-02-05
Sarah Soto,munozchristina@example.org,7042007652,Europe,Armenia,Air,Electronics,90.56,6,543.36,Credit Card,Completed,2026-02-21
Danielle Johnson,xholland@example.org,(606)892-2463x00575,Asia,Aruba,Economy,Clothing,394.36,4,1577.44,Credit Card,Completed,2026-01-22
Allison Gonzalez,davidlyons@example.org,(953)711-5527,Asia,Norway,Others,Clothing,461.65,6,2769.9,Bank Transfer,Cancelled,2026-04-05
Steven Perkins,dbird@example.org,+1-549-809-3788x1116,Europe,Togo,Forward,Home,44.52,4,178.08,Cash,Cancelled,2026-03-16
Michele Rush,cgonzalez@example.com,9095396283,North America,Mali,Point,Sports,125.59,8,1004.72,PayPal,Cancelled,2026-03-10
Megan Thomas,housetara@example.com,222-842-7723x97505,Asia,Tokelau,Try,Electronics,348.02,10,3480.2,Bank Transfer,Cancelled,2026-02-26
Erica Morrison,angelareynolds@example.com,(329)475-7149x476,Africa,Bosnia and Herzegovina,Piece,Clothing,491.27,9,4421.43,PayPal,Completed,2026-01-21
Brian Perkins,danielparks@example.org,+1-993-526-7062,Asia,Rwanda,Strong,Sports,90.09,6,540.54,Cash,Completed,2026-03-04
Elizabeth Scott,ricemark@example.net,001-356-282-7973x16674,South America,Romania,Election,Electronics,90.38,3,271.14,Credit Card,Pending,2026-03-02
Cody Rodriguez,kevin99@example.com,2292736420,Europe,Uganda,Size,Electronics,70.71,9,636.39,Bank Transfer,Pending,2026-01-07
Randall Martinez,richardlindsay@example.org,(865)494-7877,North America,Armenia,Consumer,Home,418.73,10,4187.3,Credit Card,Completed,2026-03-04
Steven Nelson,jallen@example.com,881.522.6444x78538,Africa,Eritrea,Media,Electronics,98.06,10,980.6,Bank Transfer,Pending,2026-01-07
Michael Mays,xthomas@example.net,5524010757,South America,Korea,Ground,Books,383.34,8,3066.72,Bank Transfer,Completed,2026-02-05
Alexis Juarez,jamesroger@example.org,5886504730,South America,Lao People's Democratic Republic,History,Clothing,438.7,6,2632.2,Credit Card,Pending,2026-02-20
Michael Daugherty,kathryn48@example.org,886.224.3666x3571,Europe,Liberia,Add,Electronics,72.62,3,217.86,PayPal,Pending,2026-03-26
Terri Adams,imorales@example.net,(961)325-2805,North America,Russian Federation,Peace,Sports,79.22,9,712.98,Credit Card,Cancelled,2026-03-12
Antonio Santiago,leonarddestiny@example.net,+1-768-274-8717x2133,South America,New Caledonia,Finally,Electronics,49.77,2,99.54,PayPal,Pending,2026-01-28
Alexandria Hogan,april75@example.com,827.309.4393,Africa,Luxembourg,Door,Home,367.95,6,2207.7,Bank Transfer,Pending,2026-02-05
Sarah Obrien DVM,thomasgreen@example.com,825-974-5495,South America,Somalia,Form,Books,384.39,2,768.78,PayPal,Pending,2026-03-18
Troy Stone,bradley49@example.com,001-405-640-6230x163,South America,Korea,Maintain,Sports,195.43,3,586.29,Bank Transfer,Completed,2026-03-29
Pam Villarreal,christinascott@example.net,694.520.9783x71462,North America,Niger,Affect,Clothing,214.93,7,1504.51,Bank Transfer,Cancelled,2026-03-10
Anne Hickman,hartjesse@example.net,466.875.4268,Africa,Czech Republic,Single,Electronics,175.94,6,1055.64,Credit Card,Cancelled,2026-03-23
Matthew Lambert,scottstevenson@example.com,905.537.2219x310,Asia,Finland,Today,Home,248.67,6,1492.02,Cash,Cancelled,2026-03-14
Heather Bentley,hickslisa@example.org,542-235-9176x01452,Asia,Singapore,Stay,Sports,34.42,9,309.78,Cash,Cancelled,2026-03-30
Kevin Rogers,xcain@example.com,723-218-2611,Asia,Saint Pierre and Miquelon,Perform,Electronics,306.17,9,2755.53,Cash,Pending,2026-02-27
James Fisher,keith35@example.org,2927238972,Africa,United States Minor Outlying Islands,Far,Clothing,50.78,4,203.12,Cash,Completed,2026-03-06
Michael Watts,wallswilliam@example.com,404-830-6474x00096,North America,Peru,Political,Clothing,294.59,5,1472.95,Bank Transfer,Pending,2026-02-27
Lisa Clark,hlee@example.net,+1-501-699-0235x957,North America,Latvia,Us,Sports,272.57,1,272.57,PayPal,Completed,2026-02-08
Allison Serrano,alyssa61@example.com,(560)482-8160x12397,Europe,Mozambique,Still,Home,217.05,7,1519.35,Cash,Completed,2026-01-30
Laura Johnson,lawrence49@example.com,+1-761-577-5022x73860,South America,Syrian Arab Republic,Size,Electronics,221.75,3,665.25,PayPal,Cancelled,2026-02-11
Gordon Ewing,dawn24@example.com,557.994.8391x4215,Asia,Mayotte,Girl,Books,208.82,8,1670.56,Cash,Completed,2026-01-20
Joshua Woods,deniseharris@example.com,803.274.9387x067,South America,Maldives,Group,Clothing,244.35,6,1466.1,Bank Transfer,Completed,2026-03-12
Kathryn Carter,wwalter@example.net,(880)393-9863,North America,Sierra Leone,Participant,Clothing,406.16,8,3249.28,PayPal,Completed,2026-03-29
Brian Davila,sandra06@example.com,9674223279,Africa,Australia,Partner,Electronics,109.84,3,329.52,Bank Transfer,Cancelled,2026-03-23
Karen White,carlsonkaylee@example.org,(515)456-7467x640,Africa,Saint Vincent and the Grenadines,Clearly,Books,473.41,6,2840.46,Bank Transfer,Completed,2026-01-04
Julia Moreno,shannongonzalez@example.org,631-820-8144x908,Africa,Belize,Relate,Sports,72.37,10,723.7,Credit Card,Pending,2026-03-03
Tyrone Short,barbara81@example.net,001-704-917-5968x4868,Europe,Vietnam,Manager,Home,124.07,4,496.28,Cash,Pending,2026-02-22
Dustin Ramsey,bradyjohn@example.org,+1-841-320-4393x4919,Asia,Honduras,Modern,Books,217.78,4,871.12,PayPal,Pending,2026-01-11
Monica Johnson,wintersjuan@example.net,(617)437-6903x4629,Africa,Saint Pierre and Miquelon,Deep,Electronics,93.38,7,653.66,PayPal,Completed,2026-01-27
Michelle Garcia,nashapril@example.org,915.771.9886,Asia,Reunion,Someone,Books,417.56,10,4175.6,Bank Transfer,Completed,2026-03-25
David Bautista,sheltonvirginia@example.net,+1-486-797-4723x7426,South America,Lithuania,Color,Clothing,69.65,7,487.55,Bank Transfer,Pending,2026-02-04
Lisa Stephens,kwilliams@example.org,614.627.8993x28659,Asia,Aruba,Thousand,Sports,126.65,9,1139.85,Cash,Pending,2026-02-03
Mrs. Mary Olsen,castillorebecca@example.org,704-478-7084,South America,Nicaragua,Feel,Sports,207.71,1,207.71,Credit Card,Pending,2026-02-21
Holly Herrera MD,davisgregory@example.com,(857)604-7968x05705,Africa,Israel,Catch,Sports,394.17,4,1576.68,Bank Transfer,Pending,2026-01-04
Virginia Davis,jamie50@example.com,001-278-902-2604x2014,North America,Norway,Son,Clothing,297.57,6,1785.42,Cash,Completed,2026-03-20
Jamie Hall,ashleypowell@example.net,(237)410-6539x1321,North America,Zambia,Lead,Clothing,389.85,10,3898.5,Credit Card,Completed,2026-02-03
Brian Reed,elizabeth83@example.org,219.801.6646x2185,North America,Dominica,Maintain,Books,361.3,9,3251.7,Cash,Cancelled,2026-02-24
John Alvarez,vbrown@example.net,(828)208-2743x905,South America,Mexico,Letter,Sports,247.28,2,494.56,Cash,Cancelled,2026-03-05
Alec Moore,georgejustin@example.com,954.437.3433x8616,Africa,Turkey,Half,Sports,299.87,1,299.87,PayPal,Cancelled,2026-01-14
Rebecca Jackson,rebecca50@example.org,618.988.7448x72645,Africa,Guam,Thank,Sports,232.44,1,232.44,PayPal,Pending,2026-02-28
Alexander Spencer,ricejudy@example.org,+1-783-731-8912,Europe,Korea,Great,Home,361.16,3,1083.48,Credit Card,Pending,2026-03-15
Peter Carney,jeffreymartinez@example.org,001-699-355-2629x2128,Asia,Bahrain,Item,Clothing,80.91,1,80.91,Cash,Completed,2026-03-12
Kathryn Brown,richard22@example.com,696-643-5837,South America,Wallis and Futuna,Protect,Sports,16.87,6,101.22,Credit Card,Pending,2026-03-01
Lori Hall,johnsandrew@example.org,350-677-3798x752,Europe,Guinea-Bissau,Certainly,Electronics,100.73,7,705.11,Cash,Completed,2026-01-27
Mrs. Suzanne Nash DDS,vfrazier@example.net,001-431-488-1418x429,Africa,Yemen,His,Books,99.97,5,499.85,Credit Card,Pending,2026-03-18
Henry Norris,eringarcia@example.org,001-715-551-4072x884,Africa,Solomon Islands,Sing,Sports,318.35,1,318.35,Credit Card,Pending,2026-03-12
Stephanie Smith,donnawatson@example.org,4092480367,South America,Saint Helena,Model,Books,291.51,10,2915.1,PayPal,Cancelled,2026-04-02
Steven Guzman,cjohnson@example.com,957.519.2424x419,Africa,Samoa,Year,Sports,439.48,5,2197.4,Bank Transfer,Completed,2026-04-05
Danny Hamilton,greenmark@example.org,001-683-915-4085x463,North America,British Virgin Islands,About,Books,345.1,4,1380.4,Cash,Cancelled,2026-02-28
Jason Brown,dawnbecker@example.org,+1-217-554-4889x594,North America,Myanmar,Important,Books,90.02,4,360.08,PayPal,Cancelled,2026-02-23
Tony Johnson,cnewman@example.org,283-832-7258x970,Europe,Thailand,As,Electronics,468.36,8,3746.88,Cash,Cancelled,2026-01-09
Jorge Norris,jeanette64@example.net,001-893-753-1961,Asia,Turkmenistan,Body,Clothing,150.18,1,150.18,Credit Card,Completed,2026-02-21
Andrea Lester,bennettlinda@example.com,(577)802-9807,North America,Antigua and Barbuda,Trouble,Clothing,60.44,10,604.4,Cash,Completed,2026-02-15
Sherry Miller,millergrant@example.net,(411)582-0450x81180,Africa,Cote d'Ivoire,Including,Sports,424.71,10,4247.1,Cash,Pending,2026-02-28
Lisa Smith,craiglong@example.com,783-534-6844x901,South America,Nigeria,Miss,Books,124.92,2,249.84,Credit Card,Completed,2026-01-02
Jeremiah Jackson,qanthony@example.net,001-805-995-0159x0918,Europe,Slovenia,Democratic,Clothing,204.69,5,1023.45,Credit Card,Cancelled,2026-01-05
Christopher Reed,jonathanallen@example.com,418.548.8922x385,Europe,Congo,Stand,Clothing,89.44,4,357.76,Cash,Pending,2026-01-26
Jordan Hartman,kimberlydavenport@example.com,4164501458,Asia,Madagascar,Itself,Sports,432.4,5,2162.0,Cash,Completed,2026-03-29
Faith Kirk,oespinoza@example.com,282.296.2493x12640,Africa,Finland,Thank,Sports,79.93,6,479.58,PayPal,Cancelled,2026-01-06
Colton Smith,jwallace@example.net,(682)493-3234x06590,Europe,Congo,Thank,Home,24.71,3,74.13,PayPal,Completed,2026-02-02
Bonnie Bowman,lindsayjenkins@example.org,922.899.3764x5382,Europe,United States Virgin Islands,Nation,Electronics,481.5,1,481.5,Bank Transfer,Pending,2026-03-04
Haley Santana,stevenrose@example.com,701.702.2708,Europe,Brazil,Because,Electronics,251.39,5,1256.95,Bank Transfer,Cancelled,2026-02-04
Julie Francis,xcooper@example.org,(217)538-6580x3006,Europe,Niue,Charge,Home,131.09,3,393.27,Credit Card,Completed,2026-01-18
Jeffrey Andrews,bpayne@example.com,+1-671-811-4143x27134,Africa,Kiribati,Visit,Sports,85.74,9,771.66,Credit Card,Pending,2026-02-10
Paul Adkins,patricia33@example.org,260.325.8634x25582,Africa,Grenada,Want,Clothing,149.55,3,448.65,Credit Card,Cancelled,2026-02-05
Mary Cooper,megankey@example.org,(494)677-2271x639,Europe,Lithuania,Level,Home,64.83,8,518.64,Cash,Completed,2026-03-31
Martin Gill,shortlisa@example.org,369.673.9809x803,Africa,Finland,Treatment,Electronics,443.58,5,2217.9,Credit Card,Cancelled,2026-01-05
Jason Jones,james90@example.com,(833)948-8232x001,Europe,Canada,American,Books,21.57,9,194.13,Credit Card,Cancelled,2026-01-16
Matthew West,mayerdale@example.org,+1-630-503-5193,North America,Holy See (Vatican City State),Season,Home,440.95,5,2204.75,Credit Card,Completed,2026-03-24
Maria Lowe,tony33@example.org,858.484.9289,Europe,Estonia,Specific,Home,18.94,7,132.58,Bank Transfer,Pending,2026-03-17
Joseph Young,kenneth94@example.net,(443)855-0012x4355,North America,Benin,Number,Electronics,93.03,1,93.03,Cash,Pending,2026-02-15
Rebecca Garrett,larryperez@example.net,+1-914-656-7042,North America,Sao Tome and Principe,Operation,Sports,435.81,2,871.62,PayPal,Cancelled,2026-03-20
Lindsey Odonnell,osmith@example.org,(986)224-5795,Asia,South Africa,Prove,Clothing,34.49,1,34.49,Cash,Cancelled,2026-01-08
Tracey Hull,curtisthomas@example.com,(673)416-3905x269,Europe,Syrian Arab Republic,Several,Electronics,311.27,8,2490.16,PayPal,Pending,2026-04-01
Ronald Dodson,erikkelley@example.com,901-285-5263x08609,North America,Ukraine,Wind,Clothing,328.51,8,2628.08,Bank Transfer,Completed,2026-02-10
Chelsea Thompson,jacquelinehoffman@example.com,(642)724-3137x33523,Asia,French Southern Territories,Trial,Sports,241.23,1,241.23,Cash,Pending,2026-03-28
Cameron Hodges,melissagarrett@example.org,001-592-255-2644,Africa,Russian Federation,Tonight,Books,263.79,3,791.37,PayPal,Pending,2026-01-21
Donna Mathews,sarah70@example.com,(565)983-5030x180,Africa,Nepal,Western,Electronics,418.87,6,2513.22,Cash,Pending,2026-01-28
Michael Guzman,millertrevor@example.net,+1-676-550-2059x390,South America,Tunisia,Eye,Sports,52.71,5,263.55,Bank Transfer,Completed,2026-03-17
Jessica Forbes,jacqueline90@example.net,298.361.5773,South America,Gabon,Treat,Clothing,185.5,6,1113.0,Credit Card,Cancelled,2026-01-10
Michael Larsen,kimberly78@example.net,660.471.1300,South America,Pitcairn Islands,Any,Books,497.21,1,497.21,Bank Transfer,Completed,2026-02-09
Amy Estrada,lporter@example.org,001-823-275-5785x35339,Africa,Tanzania,Finally,Electronics,415.57,2,831.14,Bank Transfer,Pending,2026-03-22
Cynthia Jackson,imccall@example.net,490-563-5405x2349,Europe,Isle of Man,Person,Home,326.33,3,978.99,Cash,Cancelled,2026-01-20
Michael Bishop,crystal42@example.org,965.799.7455,Africa,Sudan,Day,Sports,346.94,2,693.88,PayPal,Completed,2026-04-04
Jose Gonzalez,kellypitts@example.net,579-597-6992,Europe,Cayman Islands,Church,Home,98.97,7,692.79,Credit Card,Cancelled,2026-02-12
Melissa Johnson,amandastokes@example.net,392-525-4459x1541,North America,Cambodia,Memory,Books,409.43,1,409.43,Credit Card,Completed,2026-01-15
Wesley Manning,qsmith@example.net,(223)696-1160,Africa,Belgium,Trip,Books,89.96,8,719.68,Bank Transfer,Cancelled,2026-03-29
Lindsay Foster,mwilliams@example.com,737-997-3746,Europe,India,Can,Home,180.5,9,1624.5,Cash,Cancelled,2026-03-02
Steven Vega,andrewchristian@example.org,(255)619-2940x4594,South America,Italy,Learn,Books,159.93,4,639.72,Bank Transfer,Pending,2026-02-15
Keith Hernandez,susanwolfe@example.net,6536133477,Africa,Saint Martin,Draw,Books,406.45,1,406.45,Cash,Completed,2026-04-05
Kenneth Vasquez,luis46@example.org,568.782.7376x97354,South America,United Arab Emirates,Each,Books,163.49,2,326.98,PayPal,Cancelled,2026-02-21
Joshua Reyes,hernandezstephanie@example.org,558.387.6374,Africa,Grenada,Design,Clothing,51.98,6,311.88,Bank Transfer,Cancelled,2026-01-25
Norma Estrada,nicolemclean@example.com,4965646438,Europe,Tuvalu,Indicate,Electronics,469.03,7,3283.21,Credit Card,Completed,2026-03-20
Ronald Ellis,luisreynolds@example.org,293.230.7523,Europe,San Marino,Bag,Sports,245.38,8,1963.04,PayPal,Completed,2026-02-23
Jeffrey Johnson,millerwilliam@example.org,970.598.6798x17174,Asia,Western Sahara,Process,Sports,185.03,7,1295.21,PayPal,Pending,2026-03-25
Phillip Smith,dsmith@example.net,346.487.6805x077,Africa,Panama,Consider,Home,76.78,3,230.34,Credit Card,Cancelled,2026-03-11
Joseph Macias,tburnett@example.net,001-909-543-2237x34611,Africa,Thailand,Likely,Books,146.46,9,1318.14,Cash,Cancelled,2026-02-07
Lisa Leach,kwilliams@example.com,+1-403-349-2443x44388,Africa,Antigua and Barbuda,Theory,Books,122.12,10,1221.2,PayPal,Pending,2026-03-08
Joseph Kane,ortizveronica@example.com,252-758-8867x39062,Africa,Bahrain,Into,Home,222.77,8,1782.16,Bank Transfer,Cancelled,2026-01-28
Tiffany Pace,dmurphy@example.com,537-918-0302x35533,Africa,Switzerland,Eat,Home,358.67,9,3228.03,Cash,Completed,2026-02-10
Shelly Bean,webbrhonda@example.net,843.605.2390x09077,North America,Jordan,Particular,Books,346.84,6,2081.04,Cash,Cancelled,2026-03-16
Dr. Michael Pittman,omills@example.com,+1-839-680-9299,Africa,China,Your,Home,370.32,1,370.32,Credit Card,Pending,2026-03-11
Matthew Jordan,greentravis@example.org,001-962-791-1098x49361,Asia,Albania,Threat,Clothing,97.93,7,685.51,Bank Transfer,Completed,2026-03-15
Sharon Richard,epark@example.net,850.531.1930,Asia,North Macedonia,Late,Home,229.06,1,229.06,Credit Card,Pending,2026-01-08
George Jones,dawnbaker@example.net,502.982.9547,North America,Macao,Exactly,Electronics,72.22,2,144.44,PayPal,Pending,2026-01-21
Brent Garcia,paulwolfe@example.com,467.882.6653,Asia,Macao,Would,Home,265.45,4,1061.8,Cash,Cancelled,2026-02-09
Alejandra Lamb,obates@example.com,001-456-222-6593,South America,Switzerland,Certainly,Clothing,309.02,9,2781.18,Cash,Cancelled,2026-02-03
Ryan Fisher,stephanie97@example.com,8595206224,North America,Palestinian Territory,May,Clothing,95.07,8,760.56,Credit Card,Pending,2026-04-03
Aaron Lowe,sergiojohnson@example.com,(434)453-7422,South America,Colombia,Second,Electronics,15.3,7,107.1,Cash,Completed,2026-03-23
Dennis Silva,francorobert@example.com,(282)630-0094x537,Africa,Aruba,Type,Electronics,173.83,2,347.66,Credit Card,Completed,2026-01-30
Ryan Meyer,teresa21@example.com,5972790387,Africa,United States Minor Outlying Islands,Entire,Electronics,472.87,6,2837.22,PayPal,Completed,2026-03-15
Mark Howard,fostercindy@example.org,(444)950-4900x178,Africa,Djibouti,Become,Clothing,110.01,4,440.04,PayPal,Cancelled,2026-03-04
Brian Duke,jessicamiller@example.org,+1-267-528-9889x45888,Asia,Canada,Fill,Home,217.89,2,435.78,PayPal,Pending,2026-01-20
Natalie Hansen,rgonzalez@example.org,001-622-771-1532x60064,Europe,Tunisia,Life,Clothing,37.15,6,222.9,Credit Card,Completed,2026-03-07
Jason Anderson,nicholasrose@example.net,001-216-548-7568x108,North America,Burkina Faso,Citizen,Books,263.66,6,1581.96,PayPal,Pending,2026-04-03
Courtney Bolton,zvazquez@example.com,+1-341-735-4353x687,North America,Saint Helena,Teach,Clothing,256.45,2,512.9,PayPal,Cancelled,2026-03-30
Patricia Krause,cole49@example.com,461.848.9109,Asia,Sri Lanka,Claim,Books,170.09,1,170.09,PayPal,Pending,2026-01-14
Joan Fernandez,janetreyes@example.net,(354)496-0756x343,Europe,Guinea-Bissau,Question,Electronics,121.76,1,121.76,Credit Card,Pending,2026-03-30
Stephanie Sherman,burtonjody@example.com,647-429-5781x3304,Asia,Somalia,Campaign,Books,317.39,8,2539.12,Cash,Pending,2026-03-03
Emily Taylor,peterlee@example.com,(652)299-9486,Asia,Costa Rica,Many,Electronics,241.55,1,241.55,Cash,Pending,2026-03-24
Briana White,fanderson@example.org,319-432-7925,North America,Colombia,Important,Sports,401.92,6,2411.52,PayPal,Pending,2026-03-23
Aaron Kelley,jennifercampbell@example.net,223-673-2893,Asia,United Arab Emirates,Drop,Books,318.76,4,1275.04,Bank Transfer,Cancelled,2026-03-28
Ashley Vaughan,snunez@example.com,+1-856-394-0620x769,North America,Finland,Catch,Electronics,365.22,1,365.22,Credit Card,Pending,2026-03-30
Crystal Anderson,mark56@example.net,(569)949-1562x48495,Europe,Greece,Share,Sports,109.0,6,654.0,PayPal,Cancelled,2026-02-08
Cynthia Rios,hopkinsangel@example.org,883.618.6796x9991,Africa,Senegal,Miss,Books,219.58,3,658.74,Cash,Pending,2026-01-26
Victoria Griffin,ryan68@example.com,001-464-761-9649,North America,Libyan Arab Jamahiriya,Former,Sports,115.05,5,575.25,Cash,Cancelled,2026-04-02
Andrea Barton,tina09@example.org,+1-238-891-4216,North America,Anguilla,Trial,Books,223.18,3,669.54,PayPal,Completed,2026-03-02
Theresa Schneider,hpadilla@example.org,609-477-5583x30973,Africa,Saint Martin,Teacher,Electronics,187.51,10,1875.1,Bank Transfer,Pending,2026-02-27
Sandra Smith,mathewsjason@example.org,001-302-819-7075x492,Europe,Bhutan,Hotel,Clothing,498.08,1,498.08,Bank Transfer,Completed,2026-01-31
Christopher Wilson,oreed@example.org,741.204.2821,Africa,Isle of Man,Finish,Clothing,12.85,9,115.65,Credit Card,Cancelled,2026-02-11
Chad Mcdonald,john76@example.net,+1-603-714-8989x10491,Asia,Saint Martin,Else,Clothing,49.63,1,49.63,Credit Card,Pending,2026-03-09
Andrea Murphy,ajones@example.org,(774)849-2961x3573,Europe,Guadeloupe,National,Electronics,279.81,9,2518.29,Credit Card,Completed,2026-03-29
Mrs. Erin Harmon MD,patrickmckee@example.org,888.461.9512x5583,South America,Colombia,Relationship,Sports,361.5,6,2169.0,Cash,Completed,2026-04-03
Kelli White,cody62@example.org,972.986.8813x35311,North America,Sao Tome and Principe,Answer,Sports,113.4,6,680.4,Credit Card,Pending,2026-02-21
Michael Cruz,austincheryl@example.org,(204)284-3238x403,Asia,Qatar,Page,Home,461.53,2,923.06,Credit Card,Completed,2026-01-19
Lindsey Farmer,dennissteven@example.net,(647)990-8784x555,North America,Nigeria,Not,Home,266.31,3,798.93,Credit Card,Completed,2026-01-20
Amber Nguyen,woodszachary@example.com,8044289718,South America,Cape Verde,Political,Sports,43.35,5,216.75,Cash,Cancelled,2026-01-31
Richard Long,nicholsstacy@example.org,(298)391-0906,Africa,Cocos (Keeling) Islands,Understand,Books,347.86,7,2435.02,Credit Card,Pending,2026-01-10
Christine Cain,jessica63@example.com,4237280519,Africa,Madagascar,Computer,Home,471.08,5,2355.4,Cash,Pending,2026-01-07
Christopher Williams,cmeyers@example.com,+1-253-547-8245x187,Europe,North Macedonia,Several,Books,249.6,4,998.4,PayPal,Cancelled,2026-01-18
John Jimenez,dale65@example.com,001-704-565-6300x3422,North America,Heard Island and McDonald Islands,Area,Home,471.47,1,471.47,Credit Card,Cancelled,2026-02-28
Mrs. Sophia Gray MD,gcarroll@example.org,920-585-3138,Africa,Guinea-Bissau,Change,Electronics,55.92,2,111.84,Credit Card,Pending,2026-03-21
Mitchell Smith,mrojas@example.com,+1-370-397-8667x3040,North America,Ecuador,Director,Sports,171.98,8,1375.84,Bank Transfer,Completed,2026-01-19
Melissa Smith,anthonyramirez@example.com,(552)523-2165x117,Africa,United States Virgin Islands,Spring,Books,117.38,8,939.04,Bank Transfer,Completed,2026-01-22
Cheryl Oconnor,carrdonna@example.net,+1-385-381-7453x42144,Africa,Serbia,My,Clothing,499.28,4,1997.12,PayPal,Cancelled,2026-03-18
Craig Hayes,thomas42@example.org,239-730-6967,South America,Guadeloupe,Huge,Sports,201.61,1,201.61,Bank Transfer,Cancelled,2026-03-04
Michael Martinez,thill@example.org,001-263-485-4329,Europe,Pakistan,Want,Sports,85.79,2,171.58,PayPal,Completed,2026-03-11
Ryan Jackson,lindsay94@example.org,846-230-6128,South America,Bermuda,Shake,Books,147.57,4,590.28,Credit Card,Completed,2026-01-13
David Grant,csharp@example.net,001-958-954-9954x60450,Asia,New Caledonia,After,Electronics,467.02,6,2802.12,Credit Card,Cancelled,2026-03-08
Jenny Melendez,alexandra04@example.net,(300)636-0510x767,Asia,Congo,Population,Sports,101.57,1,101.57,Bank Transfer,Completed,2026-01-14
Karen Newman,lambertkatrina@example.net,961.551.5917,South America,Philippines,Particular,Sports,129.38,1,129.38,Cash,Pending,2026-02-02
Andrew Herrera,rbaker@example.net,223.525.4875,Asia,Jordan,Guess,Sports,78.17,4,312.68,PayPal,Completed,2026-01-22
Antonio Guerrero,robinsonphilip@example.net,001-366-733-6312x4626,North America,Nauru,Billion,Electronics,126.96,4,507.84,PayPal,Cancelled,2026-03-13
Tony Ramirez,lisa44@example.com,001-569-529-0245x13545,North America,Mali,Task,Sports,236.25,8,1890.0,Cash,Pending,2026-03-13
Sharon Logan,matthew69@example.org,(656)489-6199,North America,Kyrgyz Republic,Home,Home,491.46,8,3931.68,Credit Card,Cancelled,2026-02-21
Eric Miller,jensendeanna@example.org,580-324-3137x460,North America,Afghanistan,Camera,Home,52.07,8,416.56,Credit Card,Completed,2026-02-04
Christine Collins,stephanie87@example.com,(557)750-0976,Asia,Seychelles,Left,Sports,15.05,6,90.3,Bank Transfer,Pending,2026-02-05
Derek Chapman,bmendoza@example.org,001-711-576-2961,Africa,Morocco,Final,Electronics,498.24,2,996.48,PayPal,Completed,2026-01-11
James Nicholson,lrodriguez@example.com,592.474.7679x15110,Asia,Madagascar,Reason,Books,22.92,6,137.52,PayPal,Completed,2026-01-23
Patricia Buckley,stephaniewashington@example.net,001-650-652-0171x4177,Asia,Marshall Islands,Rule,Home,403.13,2,806.26,Cash,Completed,2026-02-05
Brandi Bray,jenningsjillian@example.org,(342)876-9033,Africa,Lao People's Democratic Republic,Professional,Electronics,442.76,4,1771.04,Bank Transfer,Cancelled,2026-01-22
Todd Davis,poolejohn@example.com,+1-542-258-2862x2964,Asia,Montserrat,Sit,Sports,75.93,4,303.72,Credit Card,Pending,2026-02-13
Samuel Smith,victormoyer@example.net,781-677-1571x91905,Africa,Cayman Islands,Push,Clothing,401.33,6,2407.98,PayPal,Completed,2026-02-08
Michael Fry,denisewoodard@example.org,(621)634-8335x725,North America,Netherlands,Campaign,Sports,433.16,1,433.16,Bank Transfer,Completed,2026-03-06
Jason Schneider,rodriguezmark@example.com,(391)947-2150,North America,Norfolk Island,Wear,Home,465.73,9,4191.57,PayPal,Completed,2026-03-14
Lisa Brown,rprice@example.org,001-728-550-4646x287,Asia,Cuba,Performance,Home,306.67,2,613.34,Cash,Pending,2026-03-08
Ryan Morales,penasteve@example.org,+1-239-596-8936x445,South America,French Guiana,Success,Sports,132.53,4,530.12,Bank Transfer,Cancelled,2026-01-12
Timothy Gutierrez,shawnhumphrey@example.net,+1-638-891-9203x18319,Africa,Mali,Sister,Electronics,349.22,10,3492.2,Cash,Pending,2026-02-20
Robert Morrow,ericwells@example.org,001-970-726-9748x3607,Africa,Zambia,Himself,Home,419.51,4,1678.04,Credit Card,Completed,2026-02-04
Richard Duarte,amynunez@example.net,769-640-7326x11976,South America,Sweden,Up,Clothing,358.45,3,1075.35,PayPal,Pending,2026-03-31
Victoria Webb,samuelfitzgerald@example.org,763.829.6567x080,South America,Honduras,Beautiful,Clothing,142.17,8,1137.36,Credit Card,Cancelled,2026-04-03
Diana Cunningham,tholloway@example.net,884-713-3856,North America,South Georgia and the South Sandwich Islands,Son,Home,170.49,6,1022.94,PayPal,Cancelled,2026-01-26
Renee Kennedy,erin13@example.net,297.245.0184x157,North America,Finland,Stage,Books,368.98,2,737.96,Credit Card,Pending,2026-03-12
Michaela Villarreal,brandi43@example.com,+1-786-292-7317x506,Europe,Greenland,Require,Sports,275.08,3,825.24,Credit Card,Pending,2026-02-08
Travis Shannon,lowejohn@example.com,215-904-1005,South America,Venezuela,Weight,Home,312.1,3,936.3,Cash,Completed,2026-01-09
Jay Kent,mary55@example.net,(700)375-6491x5350,Africa,Kyrgyz Republic,Case,Home,171.35,2,342.7,Bank Transfer,Cancelled,2026-04-05
Katherine Farmer,lwoods@example.com,710-859-1413x4102,Asia,Bermuda,Best,Electronics,21.24,5,106.2,Credit Card,Cancelled,2026-01-09
Dr. Sandra Gomez,hilllaura@example.net,+1-662-267-9257x25199,Asia,Venezuela,Case,Home,124.74,3,374.22,Cash,Completed,2026-03-17
Shelby Anderson,zmills@example.org,(983)239-2086x24060,Europe,China,Create,Books,309.85,8,2478.8,Cash,Pending,2026-02-03
Nicholas Holland,walterthomas@example.org,(820)420-3927x39370,Africa,Svalbard & Jan Mayen Islands,Onto,Home,251.68,7,1761.76,Credit Card,Pending,2026-03-28
Donna Smith,opowell@example.org,001-326-852-1315x9529,South America,Venezuela,Safe,Home,423.24,10,4232.4,PayPal,Completed,2026-01-22
Jeffrey Jenkins,znunez@example.net,618-728-3093x3035,North America,China,Believe,Books,81.41,1,81.41,PayPal,Pending,2026-02-13
George Smith,castrojeffrey@example.com,610.964.5644x579,South America,Belgium,Religious,Electronics,83.24,1,83.24,Cash,Cancelled,2026-01-21
Randy Beltran,morenojessica@example.org,+1-772-302-9018x29119,Asia,Armenia,Always,Home,60.01,1,60.01,PayPal,Pending,2026-01-15
Samuel Williams,qgibson@example.net,575-433-2905x3235,Africa,South Georgia and the South Sandwich Islands,Property,Books,18.55,9,166.95,Bank Transfer,Cancelled,2026-03-06
Robyn Thompson,olivia42@example.com,+1-629-300-5684x93759,North America,Svalbard & Jan Mayen Islands,Capital,Electronics,306.95,3,920.85,PayPal,Completed,2026-02-26
Susan Yoder,wrodriguez@example.net,(449)341-6864x969,Africa,Haiti,Quality,Home,305.78,10,3057.8,Bank Transfer,Pending,2026-02-20
Jeremy Reilly,ellisjoseph@example.org,616.966.1126,Europe,Cayman Islands,Management,Clothing,422.08,8,3376.64,Credit Card,Completed,2026-03-20
Mike Dawson,jacquelineharvey@example.org,001-362-304-2179x2148,Europe,Georgia,Audience,Books,110.59,6,663.54,Cash,Pending,2026-01-06
Michael Blair,nmurray@example.com,(457)642-7853x20090,Asia,Belgium,Cover,Home,184.15,7,1289.05,Credit Card,Pending,2026-04-05
Matthew Warren,lopezsharon@example.com,001-648-620-2255x177,North America,Madagascar,Important,Clothing,197.27,3,591.81,Cash,Cancelled,2026-01-01
Justin Cole,linda67@example.org,797.467.0248,South America,Tuvalu,Same,Books,100.64,8,805.12,Cash,Completed,2026-01-10
Abigail Garcia,xvaughan@example.net,591-966-9595x6076,North America,Libyan Arab Jamahiriya,Money,Sports,163.11,4,652.44,PayPal,Completed,2026-01-25
Dana Bryant,jamesmedina@example.org,457-819-5184,Africa,Timor-Leste,Hold,Sports,249.27,6,1495.62,Bank Transfer,Cancelled,2026-02-04
Mrs. Tina Baker,ericsanford@example.net,4024221823,North America,Thailand,Month,Clothing,124.22,10,1242.2,Bank Transfer,Cancelled,2026-01-21
Jimmy Oliver,kelseymarshall@example.com,854-437-1927,South America,Mexico,Who,Electronics,106.54,2,213.08,Bank Transfer,Pending,2026-02-21
Heather Rivera,bennettjoshua@example.com,211-596-2960x9746,Europe,American Samoa,There,Sports,262.55,6,1575.3,PayPal,Pending,2026-02-26
David Clark,sarah57@example.com,629-566-4905,South America,Swaziland,Support,Clothing,142.45,7,997.15,Cash,Completed,2026-03-02
Brandon Good,krystal46@example.com,934.750.3617x897,North America,Malaysia,Section,Books,394.38,1,394.38,Cash,Pending,2026-02-04
Joseph Espinoza,caroline98@example.com,+1-301-238-8092x899,Europe,Malawi,Exactly,Books,21.78,9,196.02,Bank Transfer,Cancelled,2026-03-21
Deborah Mckenzie,gdavis@example.org,+1-354-978-9025x309,Asia,Peru,Three,Books,18.39,7,128.73,Cash,Pending,2026-02-14
Kayla Lee MD,rachel54@example.org,001-331-300-2065x437,North America,South Georgia and the South Sandwich Islands,Manage,Clothing,390.95,7,2736.65,PayPal,Completed,2026-01-13
Carolyn King,briankhan@example.org,(513)437-4454,Africa,Dominica,Type,Sports,216.14,9,1945.26,Credit Card,Cancelled,2026-01-30
Darren Hernandez,danielharris@example.net,+1-473-953-2899,Africa,Belize,Yourself,Sports,202.65,3,607.95,Bank Transfer,Cancelled,2026-01-22
Jessica Adams,joseph87@example.org,(926)675-3969x582,South America,Iceland,Money,Books,118.38,5,591.9,PayPal,Pending,2026-02-27
Destiny Clark,john82@example.net,407-775-0644x41918,North America,Turkmenistan,Indeed,Books,101.24,4,404.96,Credit Card,Completed,2026-03-21
Maria Tate,adamschristina@example.net,(469)901-4691,Africa,Brazil,Life,Home,437.38,7,3061.66,PayPal,Completed,2026-01-04
Victoria Jones,timothy95@example.com,823-848-8634x376,South America,Canada,Democrat,Home,489.26,6,2935.56,Cash,Completed,2026-01-13
Suzanne Snow,justin20@example.org,(908)413-2824x57658,Europe,Fiji,Find,Books,479.16,5,2395.8,Cash,Completed,2026-01-19
Sandra Webb,briansavage@example.org,733-773-4929x8145,North America,Slovenia,Say,Home,166.75,3,500.25,Credit Card,Completed,2026-02-09
Andrea Hamilton,alicia08@example.org,660.851.1264,Asia,Cote d'Ivoire,Land,Home,64.41,9,579.69,PayPal,Completed,2026-03-30
Danielle Johnson,dbrooks@example.org,001-670-773-7935x88137,Africa,Anguilla,Management,Clothing,202.17,5,1010.85,Cash,Pending,2026-02-01
David Vega,amanda28@example.com,223.392.6690x887,North America,Comoros,Early,Sports,452.52,2,905.04,Cash,Cancelled,2026-03-07
Michael Bauer,brian90@example.net,458-425-6758x2029,Europe,Cayman Islands,Social,Electronics,390.58,5,1952.9,Cash,Pending,2026-02-19
Lindsey Lambert,pherman@example.org,+1-642-311-7412x4709,Asia,Malaysia,Modern,Books,386.76,2,773.52,Bank Transfer,Pending,2026-02-23
Alejandro Williams,mark99@example.net,499-610-1887,Asia,Lithuania,Not,Books,88.97,4,355.88,PayPal,Pending,2026-02-09
Jason Anderson,carmenle@example.org,594-414-2781x13334,South America,Marshall Islands,Prepare,Books,439.21,5,2196.05,Bank Transfer,Pending,2026-03-26
Tracy Anderson,simongregory@example.org,(838)600-0129x986,North America,Norway,Daughter,Books,357.65,5,1788.25,Bank Transfer,Completed,2026-03-07
Michael Vasquez,mendezkathleen@example.net,272.644.9732x322,Europe,Palau,Yet,Sports,396.24,2,792.48,Credit Card,Pending,2026-03-24
Brenda Hanna,msanchez@example.net,6496023644,Africa,British Indian Ocean Territory (Chagos Archipelago),Without,Books,380.46,5,1902.3,Bank Transfer,Completed,2026-03-09
Jacqueline Rodriguez,jeremy94@example.com,998.230.4684x73366,North America,Guadeloupe,Such,Home,384.26,4,1537.04,Bank Transfer,Completed,2026-01-15
Steven Thomas,william94@example.org,(628)381-3018x2579,Africa,Solomon Islands,Score,Sports,77.58,9,698.22,Cash,Completed,2026-03-29
Laura Pierce,bwilliams@example.org,+1-419-255-4275x7941,South America,Netherlands Antilles,Building,Books,489.01,2,978.02,Credit Card,Pending,2026-01-15
Thomas Romero,connie39@example.org,+1-559-910-8899x847,Africa,Nepal,News,Sports,388.01,2,776.02,Credit Card,Completed,2026-02-23
Mark Nguyen,barbara20@example.org,(908)237-9126x809,South America,Pitcairn Islands,Point,Sports,33.74,2,67.48,Credit Card,Cancelled,2026-03-27
Dylan Chavez,kelli13@example.com,631-837-3536,Europe,Saint Pierre and Miquelon,Write,Books,11.35,7,79.45,Cash,Completed,2026-02-05
Carlos Herrera,kaitlynanderson@example.com,001-212-674-4174x015,Europe,New Caledonia,Pull,Home,110.78,4,443.12,Cash,Pending,2026-04-01
Shannon Bauer,rlambert@example.com,001-932-386-2525x569,Asia,Tuvalu,Hospital,Books,278.62,1,278.62,Cash,Cancelled,2026-02-22
Emily Smith,john54@example.org,(293)218-9788,Europe,Northern Mariana Islands,Technology,Electronics,48.67,6,292.02,PayPal,Cancelled,2026-01-20
Kristina Malone MD,davidweaver@example.net,+1-313-526-3768x9582,Africa,Albania,Friend,Clothing,447.5,4,1790.0,Bank Transfer,Pending,2026-03-29
Edgar Mendoza,michaelsmith@example.org,259.825.1700,Europe,San Marino,Source,Sports,111.44,2,222.88,Bank Transfer,Completed,2026-03-31
Christopher Cervantes,jeremiahlyons@example.net,336-252-2741,Asia,Canada,Require,Home,425.27,6,2551.62,Bank Transfer,Pending,2026-02-11
Christopher Anderson,xjohnson@example.net,(599)545-0217x48359,Africa,Sao Tome and Principe,City,Electronics,387.83,7,2714.81,PayPal,Cancelled,2026-03-04
Laura Heath,xbrown@example.org,592-538-7018x2944,Europe,Uruguay,Late,Sports,441.98,10,4419.8,Credit Card,Pending,2026-01-13
Paul Keith,debra92@example.com,690.263.8866,Europe,Eritrea,Enough,Sports,108.92,7,762.44,Bank Transfer,Cancelled,2026-01-20
Dylan Hoffman,mary62@example.com,(912)741-7698,Europe,Hong Kong,Author,Electronics,203.62,7,1425.34,Bank Transfer,Pending,2026-03-27
David Kelley,danielsjennifer@example.org,976.939.9555x176,South America,Andorra,Environment,Electronics,65.63,6,393.78,PayPal,Pending,2026-03-28
Matthew Williams,julie63@example.org,+1-612-252-2135,Africa,Martinique,Hear,Books,164.5,8,1316.0,PayPal,Completed,2026-03-27
Steven Hart,jennifer69@example.com,5555928191,Asia,Puerto Rico,Training,Clothing,111.17,5,555.85,Bank Transfer,Completed,2026-03-02
Angela Lawrence,charrington@example.org,498-579-6623x647,Asia,Jersey,Own,Home,278.4,9,2505.6,Bank Transfer,Cancelled,2026-01-11
Phyllis Arias,jeffrey21@example.org,994.374.2784,Europe,Montserrat,Take,Home,291.94,1,291.94,PayPal,Pending,2026-02-15
Glenn Jones,jacksonteresa@example.org,001-433-523-9655x2102,Europe,Tonga,Marriage,Home,29.96,10,299.6,Credit Card,Pending,2026-01-20
Bobby Baldwin,zbowen@example.com,790.298.9691x400,South America,Serbia,Use,Books,332.51,3,997.53,PayPal,Pending,2026-03-10
Emily Chavez,ebutler@example.com,729-825-3892x289,Asia,Azerbaijan,Hot,Home,120.88,1,120.88,Cash,Pending,2026-01-10
Angela Griffin,patrick61@example.org,237-226-1232x005,Asia,Mexico,Increase,Electronics,70.76,7,495.32,Bank Transfer,Pending,2026-01-16
Thomas Maldonado,jamesmartinez@example.com,+1-269-320-1313,Europe,Brazil,Well,Sports,40.99,6,245.94,Cash,Completed,2026-02-06
Rebekah Gomez,hillscott@example.net,001-640-476-5196x654,North America,French Guiana,Consumer,Sports,268.02,8,2144.16,Credit Card,Pending,2026-03-23
Katherine Barnes,parkphillip@example.com,001-591-684-1525x720,Africa,Belgium,Citizen,Sports,153.69,7,1075.83,Cash,Completed,2026-03-14
Diana Patton,johnstonjames@example.net,745-950-4122,Europe,Philippines,Can,Sports,482.65,7,3378.55,PayPal,Completed,2026-03-02
Dawn Diaz,wilsonkristine@example.net,+1-430-978-4572x9732,Asia,Liechtenstein,Focus,Clothing,259.94,6,1559.64,Credit Card,Pending,2026-02-06
Joshua Coffey,riveraglenn@example.net,209-317-7593,Europe,Uruguay,International,Clothing,154.8,9,1393.2,Bank Transfer,Pending,2026-01-16
James Shaw,millerlaura@example.net,(833)640-4990,Africa,Nicaragua,Work,Clothing,403.26,1,403.26,Credit Card,Cancelled,2026-03-12
Krystal Wang,pettycarolyn@example.org,683-548-9564x0567,South America,Kuwait,Environment,Books,23.46,9,211.14,Bank Transfer,Cancelled,2026-04-03
Joshua Craig,sarah24@example.org,796.657.9958,North America,Guatemala,Question,Sports,285.02,8,2280.16,PayPal,Completed,2026-02-09
Kathleen Bernard,dolson@example.org,+1-561-375-4177x81026,Africa,Nauru,Standard,Home,365.88,4,1463.52,PayPal,Pending,2026-03-09
Jason Manning,ocooley@example.net,906-706-7230,South America,Burkina Faso,Eat,Clothing,328.12,2,656.24,PayPal,Pending,2026-01-08
Joyce May,xlutz@example.com,(916)581-5679,Africa,Niue,Final,Sports,192.14,4,768.56,Credit Card,Completed,2026-01-15
Joseph Curtis,james45@example.net,(886)882-6323,Asia,Hong Kong,Thank,Clothing,370.62,7,2594.34,PayPal,Pending,2026-03-03
Mary Jackson,hcurtis@example.net,7816676114,North America,Kuwait,Talk,Electronics,286.16,7,2003.12,Credit Card,Completed,2026-04-05
Ms. Jamie Williams,lopezmatthew@example.com,377-456-3373,South America,Sierra Leone,Offer,Home,479.75,3,1439.25,Bank Transfer,Pending,2026-03-02
Andrew Ramirez,thomaspeterson@example.net,+1-436-522-6542x6865,Europe,Serbia,Since,Electronics,347.61,8,2780.88,Credit Card,Completed,2026-02-09
Richard Garner,louisnielsen@example.net,454.664.2110x4341,Europe,China,Weight,Home,336.86,2,673.72,Cash,Completed,2026-03-07
Anthony Kelley,wallacecatherine@example.org,677-274-4077,Asia,Korea,Drop,Sports,494.26,6,2965.56,PayPal,Pending,2026-03-16
Albert Porter,cynthiaholmes@example.net,896.388.8470x5557,South America,Cuba,Kitchen,Clothing,391.46,1,391.46,Cash,Pending,2026-02-23
John Holden,ahale@example.net,407-904-0455x44842,North America,Guyana,Six,Books,114.4,5,572.0,PayPal,Completed,2026-01-31
Ryan Thornton,hjohnson@example.net,218-608-9585x88234,North America,Bahrain,Machine,Home,200.17,7,1401.19,Bank Transfer,Completed,2026-01-31
Diane Newton,patricksmith@example.org,549.515.3842,North America,Cuba,Situation,Books,110.6,9,995.4,Cash,Pending,2026-02-16
Nichole Pena,donaldwalter@example.net,(976)311-4004,South America,Namibia,Road,Clothing,315.07,3,945.21,Cash,Cancelled,2026-01-10
Johnathan Jackson,xgibson@example.com,631.224.9191x781,Europe,Jamaica,Than,Sports,468.59,1,468.59,PayPal,Pending,2026-03-02
Catherine Thomas,kennethphillips@example.net,(293)310-2242,Europe,Honduras,Eye,Sports,382.84,4,1531.36,Credit Card,Cancelled,2026-02-11
Lisa Oneal,michael43@example.net,780-614-7389x742,Asia,Cape Verde,Nor,Books,103.96,1,103.96,PayPal,Pending,2026-01-11
Wendy Watson,brandon66@example.com,+1-673-341-3954x717,Europe,Christmas Island,Production,Electronics,448.54,4,1794.16,Credit Card,Completed,2026-02-16
Krystal Chapman,davidjames@example.net,(528)788-8750x28043,Asia,Saint Martin,Information,Electronics,391.57,8,3132.56,Cash,Pending,2026-04-01
Erin Wells,zross@example.org,001-448-632-6799,Africa,Philippines,Admit,Home,483.51,4,1934.04,PayPal,Cancelled,2026-04-05
Pamela Castro,jessica29@example.org,404.474.9584x01545,Asia,Taiwan,Reduce,Clothing,43.96,3,131.88,Bank Transfer,Cancelled,2026-03-14
Kim Miller,matthewbrennan@example.net,+1-977-336-6645x61362,Asia,North Macedonia,Financial,Sports,268.61,8,2148.88,Bank Transfer,Cancelled,2026-03-18
Donald Martin,sramirez@example.net,971.883.9415,Europe,Cameroon,Resource,Electronics,485.15,5,2425.75,PayPal,Cancelled,2026-03-06
Miguel Kennedy,whitemegan@example.org,740.201.9679x129,Asia,Nigeria,I,Home,136.02,4,544.08,Credit Card,Cancelled,2026-03-13
Krystal Kelly,kimberly02@example.net,293.448.9879,South America,Tokelau,Toward,Books,184.75,5,923.75,Bank Transfer,Pending,2026-03-12
Michael Carlson,nwells@example.net,916.485.3893x401,South America,Bolivia,Part,Electronics,150.14,1,150.14,Cash,Pending,2026-02-19
Emily White,hodgesjulian@example.net,+1-764-731-7299x17787,North America,Hungary,Performance,Books,413.39,10,4133.9,Credit Card,Cancelled,2026-04-05
Christopher Bell,qcarter@example.com,(701)980-8797x5893,South America,Oman,Help,Home,134.63,9,1211.67,Credit Card,Completed,2026-03-26
Deanna Avila,zbarnes@example.org,771.888.2374,South America,Bhutan,Trip,Books,483.36,9,4350.24,Bank Transfer,Pending,2026-03-28
Alicia Sanchez,pruittrichard@example.org,529-506-4435x31311,South America,Cote d'Ivoire,Late,Books,489.56,6,2937.36,Credit Card,Pending,2026-01-01
Natalie Li,karen81@example.com,5489651310,Asia,Guatemala,Add,Books,326.83,9,2941.47,Bank Transfer,Completed,2026-02-07
Kenneth Christensen,april90@example.com,930-746-4503x001,South America,Croatia,Music,Electronics,66.05,8,528.4,Cash,Cancelled,2026-04-05
Kaitlyn White,jacobmartinez@example.org,830-989-3033x5574,Africa,Central African Republic,Surface,Sports,144.53,1,144.53,Credit Card,Completed,2026-01-07
Levi Harris,ewilson@example.net,203.209.7318x5942,Europe,Northern Mariana Islands,Coach,Electronics,263.98,8,2111.84,Cash,Pending,2026-03-18
Brandi Henry,herrerapeggy@example.net,206-603-7878x872,North America,Holy See (Vatican City State),Maybe,Sports,463.01,2,926.02,Cash,Cancelled,2026-01-19
Breanna Thomas,gfinley@example.com,463.937.0609x0291,Europe,Lao People's Democratic Republic,Occur,Clothing,250.34,9,2253.06,Bank Transfer,Completed,2026-01-09
Elizabeth Hunt,ylowe@example.org,675-641-9694,Africa,El Salvador,Medical,Electronics,186.87,5,934.35,PayPal,Pending,2026-02-07
Laura Green,tinayork@example.net,683.284.9877x57621,Europe,Hong Kong,Radio,Electronics,149.82,5,749.1,Credit Card,Completed,2026-02-15
Pamela Taylor,denniscastillo@example.com,(681)334-8465x634,Europe,Cameroon,Western,Electronics,449.24,8,3593.92,Bank Transfer,Pending,2026-03-03
Courtney Dixon,morenokristen@example.net,001-885-492-3260,Europe,Holy See (Vatican City State),Side,Sports,232.99,10,2329.9,Bank Transfer,Cancelled,2026-04-02
Timothy Harris,sharon55@example.org,001-357-559-2769x01789,Asia,Tonga,Security,Home,225.07,8,1800.56,Cash,Cancelled,2026-03-01
April Arias,wesleyspence@example.net,(309)242-3525x738,North America,Botswana,Represent,Sports,65.55,6,393.3,Cash,Pending,2026-01-22
Christopher Berry,petersonerica@example.com,355-418-8380x6263,Europe,Dominica,Door,Clothing,431.66,3,1294.98,Credit Card,Pending,2026-02-20
William Robertson,brobertson@example.com,+1-415-575-7470,South America,Mauritius,Cup,Electronics,306.69,6,1840.14,Bank Transfer,Pending,2026-01-21
Lauren Kline,yhernandez@example.com,334-441-9073x558,Europe,Rwanda,Add,Home,93.72,2,187.44,Cash,Cancelled,2026-04-02
Janet Smith,waynecampbell@example.net,(216)691-4984x902,South America,Taiwan,Conference,Books,348.31,6,2089.86,Credit Card,Pending,2026-02-15
James Watts,vhouse@example.net,+1-768-664-8112x50305,Asia,Colombia,Serve,Electronics,217.09,2,434.18,PayPal,Cancelled,2026-03-31
Omar Thomas,joseph19@example.com,829.906.1575x181,Europe,Congo,Physical,Clothing,493.77,4,1975.08,Credit Card,Cancelled,2026-01-06
Maria Rollins,smithkathleen@example.net,+1-947-409-0070x5132,North America,Jamaica,Movie,Sports,426.07,2,852.14,Credit Card,Completed,2026-02-12
David Shepard,kevinmartinez@example.net,530.367.1417x811,Africa,Norfolk Island,Agree,Electronics,384.26,8,3074.08,Cash,Completed,2026-04-03
Barbara Taylor,gregorykayla@example.net,882-518-0634,Africa,Qatar,Arrive,Books,128.42,1,128.42,Cash,Cancelled,2026-01-31
Meghan Miller,harry87@example.com,(209)397-7727x66731,South America,Micronesia,While,Home,468.1,10,4681.0,PayPal,Completed,2026-02-17
Joe Perez,leejustin@example.org,+1-486-929-1250x6438,Asia,Botswana,Least,Clothing,117.12,6,702.72,Credit Card,Pending,2026-03-21
Andrew Clark,floydnicholas@example.com,(355)214-8975x90744,North America,Gabon,Study,Electronics,179.0,6,1074.0,PayPal,Completed,2026-03-22
Bryan Lloyd,brandonpatrick@example.org,(708)422-3443x00331,Africa,Montenegro,Letter,Home,408.11,4,1632.44,PayPal,Completed,2026-02-01
Amanda Mcdaniel,melody22@example.com,(530)726-4358x24207,Asia,Ireland,Good,Electronics,389.01,7,2723.07,Credit Card,Pending,2026-01-27
Elizabeth Leon,chad42@example.org,(584)788-5362x9389,Europe,Sri Lanka,Thank,Sports,322.31,5,1611.55,Bank Transfer,Pending,2026-03-11
Melanie Reynolds,yatesbenjamin@example.net,844-844-0660x4793,Africa,Aruba,Carry,Sports,50.06,7,350.42,Bank Transfer,Pending,2026-01-27
Kimberly Jones,timothymann@example.net,+1-506-234-5554x7711,South America,Andorra,Individual,Books,472.22,3,1416.66,Bank Transfer,Cancelled,2026-04-05
Justin Hoover,kayla01@example.org,001-998-483-9414x35877,South America,Syrian Arab Republic,Talk,Clothing,98.55,7,689.85,Bank Transfer,Completed,2026-02-27
Matthew Gutierrez,kramos@example.net,658-926-2834x94297,Africa,Albania,Away,Clothing,307.39,8,2459.12,Cash,Completed,2026-03-20
Albert Drake,kristen56@example.com,001-521-654-0027,Europe,Bosnia and Herzegovina,Close,Books,457.02,2,914.04,Bank Transfer,Cancelled,2026-02-28
Dennis Morrison,usmith@example.net,001-969-233-1722,Europe,South Africa,Day,Home,387.88,10,3878.8,Cash,Cancelled,2026-03-17
Michael Pruitt,ruben85@example.org,(217)880-4717x329,Europe,Belize,Customer,Clothing,230.39,9,2073.51,Credit Card,Cancelled,2026-03-14
Danielle Levine,elizabethmedina@example.net,001-575-933-2314x694,South America,Ethiopia,Indicate,Home,130.29,4,521.16,PayPal,Completed,2026-02-18
Lori Washington,klynn@example.org,(934)256-7048x37352,Africa,Barbados,Key,Home,326.33,9,2936.97,PayPal,Pending,2026-01-04
Mitchell Lee,amacdonald@example.net,001-504-896-8638,Europe,Svalbard & Jan Mayen Islands,Mean,Sports,185.36,5,926.8,Cash,Cancelled,2026-02-05
Nathan Kim,melissalucas@example.org,(671)510-0662,South America,Georgia,Recently,Sports,273.09,6,1638.54,PayPal,Cancelled,2026-03-11
Katherine Goodwin,uwolf@example.net,743-741-9925x006,Africa,Spain,Young,Clothing,366.15,2,732.3,PayPal,Completed,2026-04-03
Eric Kerr,wisewalter@example.net,370-283-7954x0456,Africa,Israel,Country,Books,149.71,4,598.84,Bank Transfer,Completed,2026-03-29
Travis Bender,ohughes@example.com,692.235.1072x188,Africa,Mali,West,Clothing,327.01,1,327.01,Bank Transfer,Cancelled,2026-03-03
Julia Waters,buckchristina@example.com,001-704-257-2710x4414,Africa,Yemen,Goal,Home,32.33,3,96.99,Cash,Pending,2026-01-30
Bailey Moss,ryanlopez@example.net,421-200-1949,Asia,Suriname,Treat,Clothing,476.88,4,1907.52,PayPal,Pending,2026-02-06
Hayden Boyer,jenny58@example.org,7324706803,Asia,Kenya,Real,Clothing,400.47,8,3203.76,PayPal,Cancelled,2026-01-20
Kevin Hensley,vdavis@example.net,+1-219-226-9312x695,North America,Zimbabwe,Window,Books,53.75,6,322.5,Bank Transfer,Cancelled,2026-04-03
Jamie Santana,grahamjessica@example.com,244.480.2135,Europe,Saint Kitts and Nevis,Effect,Clothing,195.28,8,1562.24,PayPal,Pending,2026-02-19
Shelia Crawford,douglasdrew@example.com,001-851-591-2153x10416,North America,Martinique,Word,Clothing,488.52,10,4885.2,Credit Card,Pending,2026-01-06
Jordan Wiley,rcooper@example.com,(590)937-1912x0784,Asia,Sweden,Responsibility,Electronics,83.63,2,167.26,Bank Transfer,Pending,2026-01-26
Laura Nguyen,mmoore@example.org,9897232260,Asia,Puerto Rico,Article,Books,214.08,7,1498.56,Credit Card,Cancelled,2026-03-19
Benjamin Young,zhaynes@example.org,001-344-844-0038,Europe,Bosnia and Herzegovina,Improve,Clothing,497.0,5,2485.0,Bank Transfer,Pending,2026-04-03
Terri Liu,lauranichols@example.com,(256)472-5445,South America,Liberia,Talk,Electronics,248.26,8,1986.08,Credit Card,Completed,2026-01-05
Elizabeth Flores,halljames@example.com,(895)641-4650x3922,North America,Dominica,Like,Books,291.17,4,1164.68,Cash,Cancelled,2026-03-04
Jose Nguyen,anthonycook@example.com,615-248-0604x39040,South America,Belarus,Despite,Home,388.47,8,3107.76,PayPal,Completed,2026-03-10
Richard Lynch,xsantana@example.org,+1-384-792-8668,South America,Croatia,Similar,Electronics,72.78,9,655.02,Bank Transfer,Cancelled,2026-01-14
Darrell Brown,joshua85@example.org,4725346823,Africa,Slovenia,Any,Clothing,295.32,3,885.96,Bank Transfer,Completed,2026-01-30
Mary Aguirre,williamfowler@example.com,500.455.7679x701,Europe,Mozambique,No,Home,236.45,1,236.45,Credit Card,Cancelled,2026-02-28
Jason Wilkerson,michael84@example.org,(437)585-6008x142,Europe,Philippines,Serve,Clothing,72.56,8,580.48,Bank Transfer,Completed,2026-01-18
Alyssa Jarvis,tyrone56@example.org,818-923-7896,Africa,Guadeloupe,Kid,Home,137.62,7,963.34,PayPal,Pending,2026-03-10
Glenn Ward,cassidy94@example.org,001-685-206-9374x2876,Europe,Burundi,Through,Electronics,262.58,6,1575.48,Cash,Completed,2026-03-26
Larry Martinez,stephensjohn@example.com,554-205-0506x086,North America,Mayotte,Sea,Home,163.65,4,654.6,Bank Transfer,Cancelled,2026-02-07
Nicole Brown,pbrewer@example.com,(805)884-0476x57835,Africa,Honduras,Good,Electronics,235.84,2,471.68,PayPal,Pending,2026-03-15
Jessica Evans,browngregory@example.org,001-530-765-0220x437,North America,Western Sahara,Three,Clothing,267.29,3,801.87,Cash,Cancelled,2026-01-01
Daniel Gonzales,byrdmichelle@example.org,4536787654,Africa,Madagascar,Deep,Home,392.86,10,3928.6,Credit Card,Completed,2026-03-27
Richard Park,christopher08@example.org,(737)340-7904x9284,South America,Equatorial Guinea,Song,Clothing,50.55,8,404.4,PayPal,Cancelled,2026-01-22
Melanie Hull,coreyvillarreal@example.com,(244)291-9730x4951,South America,Suriname,Star,Home,98.34,2,196.68,Credit Card,Cancelled,2026-04-02
Lisa Nelson,michaelcox@example.com,561-396-6053x885,Asia,Timor-Leste,Few,Clothing,86.92,4,347.68,Bank Transfer,Cancelled,2026-02-27
Scott Cruz,johnstewart@example.org,661.991.0492,Asia,Nepal,Product,Sports,316.74,1,316.74,Credit Card,Cancelled,2026-02-10
Robert Gibson,wernerjoshua@example.com,553-697-2356x18971,North America,Uzbekistan,Way,Sports,359.03,6,2154.18,Credit Card,Cancelled,2026-02-14
Helen Brown,gibsonjoseph@example.com,820.721.9638,North America,New Zealand,Focus,Clothing,309.87,9,2788.83,Credit Card,Cancelled,2026-01-04
Michelle Guzman,angelamorgan@example.net,+1-925-850-0035x168,Europe,Cote d'Ivoire,Their,Clothing,102.79,8,822.32,Cash,Cancelled,2026-03-17
Samantha Hubbard,lopeztanya@example.org,454-592-2640x7887,South America,Thailand,Cultural,Electronics,236.2,2,472.4,Cash,Completed,2026-01-30
Erica Schwartz,coleamy@example.net,3295915563,North America,French Southern Territories,Pay,Electronics,269.93,10,2699.3,Cash,Completed,2026-03-13
Jeffery Johnson,charles37@example.org,756-335-1758x40821,Africa,Kiribati,Yeah,Home,16.1,9,144.9,Bank Transfer,Completed,2026-03-07
Angie Burnett,jacqueline40@example.com,690.448.2208x68309,South America,Gabon,Staff,Sports,157.79,3,473.37,PayPal,Completed,2026-02-12
Jennifer Byrd,sandra55@example.net,610.286.5488,North America,Haiti,Child,Books,469.74,5,2348.7,PayPal,Cancelled,2026-02-04
Tammy White,sellersjohn@example.com,001-896-861-2227x16645,Europe,Iceland,Since,Home,281.11,1,281.11,Cash,Completed,2026-04-05
Anthony Moore,sherylfuller@example.org,(808)902-8183,South America,Korea,Price,Sports,414.83,7,2903.81,Cash,Completed,2026-03-12
Nathaniel Ball,pateltimothy@example.net,246-220-4290x80174,Africa,Heard Island and McDonald Islands,May,Books,69.04,9,621.36,Credit Card,Cancelled,2026-01-26
Sydney Garcia,jessica57@example.org,974.870.4921x55685,Asia,Cameroon,Sound,Electronics,203.67,4,814.68,PayPal,Pending,2026-01-23
Mark Williams,karen35@example.net,732.561.1431x69474,Asia,Pitcairn Islands,Red,Clothing,142.34,8,1138.72,PayPal,Pending,2026-04-02
Chelsea Davis,kbrown@example.com,5938503117,Asia,Pakistan,Appear,Books,287.2,6,1723.2,Bank Transfer,Cancelled,2026-02-14
Dennis Frazier,johnnysantiago@example.com,562.394.6830,Africa,Chad,Need,Sports,408.4,2,816.8,Credit Card,Pending,2026-03-20
John Hubbard,paulboyd@example.com,828-826-6227x525,Africa,Malaysia,Their,Clothing,107.98,5,539.9,Credit Card,Cancelled,2026-01-05
Juan Curry,james21@example.com,858-927-9937x57154,North America,Madagascar,Week,Clothing,286.6,3,859.8,Cash,Pending,2026-01-04
Caleb Garcia,susan07@example.com,(948)201-1732x680,South America,Romania,Morning,Books,386.25,9,3476.25,Credit Card,Pending,2026-04-04
Alison Hicks,xwallace@example.com,391-398-7329x83852,South America,Poland,Sing,Clothing,77.74,10,777.4,Credit Card,Pending,2026-04-05
Roger King,westjeffrey@example.com,001-650-719-9990x544,Asia,Czech Republic,Season,Clothing,322.38,2,644.76,PayPal,Cancelled,2026-03-31
Courtney Choi,david41@example.org,336-604-5257,Africa,Saint Barthelemy,Pressure,Sports,120.03,3,360.09,Bank Transfer,Cancelled,2026-01-05
James Owen,smack@example.org,627.744.2754x3657,North America,Brunei Darussalam,Possible,Books,498.64,1,498.64,Bank Transfer,Completed,2026-03-01
Yvonne Love,michael88@example.org,241-990-0977x995,North America,Ireland,Action,Electronics,255.32,4,1021.28,Credit Card,Cancelled,2026-02-03
Heather Levy,mitchell78@example.com,(354)847-8665,South America,Christmas Island,Necessary,Electronics,118.56,1,118.56,Cash,Completed,2026-02-22
Kimberly Mcdaniel,rodneycrawford@example.com,921.678.2303x1761,North America,Turks and Caicos Islands,Their,Sports,421.27,1,421.27,Bank Transfer,Completed,2026-03-20
Dawn Miller,michaelpage@example.com,674-853-7905,South America,Oman,Offer,Electronics,178.42,10,1784.2,Credit Card,Cancelled,2026-02-28
Brian Adams,allenrachael@example.com,782-837-5782x893,South America,Niue,Win,Clothing,373.12,8,2984.96,PayPal,Completed,2026-03-18
Scott Wood,shannonpham@example.net,(952)326-3202,Europe,Brazil,Own,Electronics,482.96,8,3863.68,PayPal,Cancelled,2026-03-13
Gary Owens,shannon68@example.org,001-399-631-9492x56430,Asia,Central African Republic,Picture,Sports,185.73,8,1485.84,Cash,Pending,2026-01-07
Scott Guerra,bridgetandrews@example.com,(337)881-1718,Asia,Micronesia,Item,Electronics,381.7,5,1908.5,Credit Card,Pending,2026-01-02
Chad Shaw,micheletran@example.org,377.686.8534x6939,Asia,Solomon Islands,Husband,Home,225.31,6,1351.86,Cash,Completed,2026-02-13
Grant Johnson,rebeccamartinez@example.net,305-522-9824x667,South America,Martinique,Challenge,Clothing,191.74,7,1342.18,Bank Transfer,Cancelled,2026-03-03
Michael Miller,kspears@example.org,001-756-832-3357x870,Asia,Solomon Islands,Contain,Books,207.01,2,414.02,Credit Card,Completed,2026-01-23
Joshua Kelly,andrea29@example.com,427.999.1734x0817,South America,Philippines,Information,Books,336.75,10,3367.5,Credit Card,Cancelled,2026-03-05
Kelly Figueroa,obarnes@example.net,909.943.1062x97088,Africa,Singapore,Before,Home,43.34,5,216.7,Credit Card,Completed,2026-01-02
Carol Powell,alison37@example.net,7826799786,Europe,Yemen,Name,Books,180.16,1,180.16,Credit Card,Completed,2026-01-28
Dr. Aaron Moreno,alexreynolds@example.net,+1-621-286-9654,Africa,Gabon,Impact,Home,314.83,5,1574.15,Cash,Completed,2026-03-11
Ronnie Horn,romeromaria@example.org,001-680-274-7663x393,South America,Marshall Islands,Market,Home,33.37,6,200.22,PayPal,Pending,2026-02-25
Christine Walker,christina44@example.org,4226082064,Africa,Czech Republic,Very,Electronics,460.66,3,1381.98,Cash,Cancelled,2026-03-22
Kevin Tanner,ygreen@example.net,+1-659-265-6297x85703,Asia,Saint Kitts and Nevis,Doctor,Electronics,457.23,5,2286.15,Bank Transfer,Pending,2026-02-14
Jacob Kelly,ucastillo@example.net,4914333720,South America,Finland,Since,Home,492.26,6,2953.56,PayPal,Cancelled,2026-03-09
Jeffrey Turner,ewilliams@example.org,627-492-4187,Africa,Seychelles,They,Home,277.06,1,277.06,Credit Card,Completed,2026-03-16
Thomas Schmitt,kevin57@example.com,+1-583-904-4751x40028,Africa,North Macedonia,Natural,Sports,57.22,8,457.76,Credit Card,Pending,2026-03-13
Steven Smith,leroycruz@example.com,001-205-436-0199x49203,North America,Suriname,Small,Electronics,393.03,6,2358.18,PayPal,Completed,2026-02-15
John Harris,awalters@example.com,(531)383-8427,North America,Jamaica,Democratic,Clothing,472.09,10,4720.9,Bank Transfer,Pending,2026-02-02
Katherine Quinn,cwashington@example.net,(579)571-6450x19556,North America,Mayotte,Few,Sports,90.29,4,361.16,PayPal,Completed,2026-02-22
Joseph Myers,utaylor@example.net,394-587-5336,North America,Suriname,Social,Clothing,33.14,7,231.98,Credit Card,Cancelled,2026-02-02
Heidi Watson,lisa39@example.net,001-201-718-3686,Europe,Nicaragua,Past,Clothing,288.97,7,2022.79,Credit Card,Completed,2026-01-20
Ann Hurley,bhunter@example.net,8635157623,North America,Togo,Stock,Clothing,147.33,7,1031.31,PayPal,Completed,2026-01-29
Tammy Carrillo,jacksonjohnny@example.net,+1-898-577-1599x31745,Europe,Liberia,Whose,Home,130.9,9,1178.1,Bank Transfer,Cancelled,2026-01-24
Gary Hodges,lgomez@example.com,8165406548,North America,Swaziland,Anyone,Sports,318.87,2,637.74,PayPal,Pending,2026-01-14
Matthew Payne,zachary33@example.com,576-898-0965x73145,North America,Thailand,Energy,Clothing,377.27,6,2263.62,Credit Card,Pending,2026-02-08
Joseph Adkins,yhowell@example.org,+1-475-752-5853x88074,North America,Dominica,Attack,Electronics,216.03,9,1944.27,Bank Transfer,Cancelled,2026-03-05
Mr. Shawn Moore,umoore@example.net,(615)463-9788x06449,Asia,Svalbard & Jan Mayen Islands,Per,Books,232.43,1,232.43,Bank Transfer,Cancelled,2026-01-06
Meagan Harris,allenduncan@example.org,406.696.1690,Asia,Saint Kitts and Nevis,Important,Books,346.63,6,2079.78,PayPal,Cancelled,2026-03-24
Amanda Doyle,maryblackwell@example.com,(546)879-4742x15288,Asia,Antigua and Barbuda,Whose,Books,482.46,8,3859.68,Bank Transfer,Completed,2026-02-05
Colleen Robinson,christina63@example.net,001-800-884-3351x0350,Africa,Syrian Arab Republic,Parent,Electronics,208.2,10,2082.0,Bank Transfer,Pending,2026-02-06
Tom Johnson,lewisshannon@example.net,539-215-6013x43316,North America,Saint Vincent and the Grenadines,Color,Sports,136.41,6,818.46,Credit Card,Completed,2026-02-19
Claudia Garrett,derek83@example.com,322-665-2373,Asia,Benin,Safe,Sports,425.68,9,3831.12,Credit Card,Pending,2026-01-01
Lauren Bowen,john62@example.net,543.899.7450x97063,Europe,Morocco,New,Sports,207.05,3,621.15,Cash,Cancelled,2026-02-06
Scott Anderson,tamara72@example.org,(491)629-1895x661,Europe,Austria,Summer,Electronics,355.52,7,2488.64,Credit Card,Cancelled,2026-02-26
John Watkins,morganjordan@example.com,327.959.9385,Europe,Kiribati,Many,Electronics,419.47,2,838.94,Cash,Cancelled,2026-01-31
Tracy Cole,morgancarl@example.com,(345)690-9790,North America,Japan,Operation,Sports,447.11,2,894.22,Bank Transfer,Pending,2026-03-29
Crystal Mathis,jeremy92@example.net,937.434.4664x1413,Africa,Tokelau,Within,Home,484.8,5,2424.0,Credit Card,Pending,2026-01-22
Michael Bishop,kellymartinez@example.net,862-279-6847,Africa,Gabon,Investment,Books,365.7,6,2194.2,Cash,Cancelled,2026-02-13
Ann Gardner,luceroraymond@example.net,523.886.6347x9232,Europe,Greenland,Describe,Electronics,163.35,7,1143.45,PayPal,Pending,2026-01-25
Donald Dixon,zjones@example.com,+1-289-443-0743x27092,Africa,Tunisia,Plant,Clothing,141.1,5,705.5,Bank Transfer,Cancelled,2026-04-05
Colleen Rogers,kingnicholas@example.org,001-939-723-0727x19612,North America,Equatorial Guinea,Scientist,Electronics,198.77,5,993.85,Bank Transfer,Cancelled,2026-01-25
Robert Daniel,ahogan@example.com,001-642-744-2079x202,Asia,Turkmenistan,On,Sports,220.14,7,1540.98,Cash,Cancelled,2026-01-06
Derek Hart,andrea30@example.org,2545673093,Africa,Syrian Arab Republic,Hospital,Books,140.82,7,985.74,Credit Card,Completed,2026-01-02
Robert Gibson,bianca81@example.com,001-542-972-8904x64027,Africa,Oman,Full,Clothing,306.89,9,2762.01,Cash,Completed,2026-02-05
Paul Johnson,cuevaswendy@example.org,001-494-487-6305x4780,Africa,Heard Island and McDonald Islands,Prevent,Home,198.61,4,794.44,Bank Transfer,Completed,2026-01-31
Robert Olson,lynnmartin@example.com,001-509-974-4198x12089,North America,French Southern Territories,Exactly,Sports,87.52,8,700.16,Credit Card,Cancelled,2026-01-10
Michael Buckley,hugheskatelyn@example.org,001-580-657-3358x2364,Asia,Western Sahara,Market,Clothing,387.13,7,2709.91,Bank Transfer,Pending,2026-03-01
Sandra Rodgers,cmoses@example.org,001-953-957-0396x5090,Europe,Niger,Foreign,Books,38.56,8,308.48,Credit Card,Completed,2026-02-26
Tamara Young,alejandra80@example.org,965.749.5231x624,North America,Wallis and Futuna,Rich,Electronics,306.4,9,2757.6,Cash,Cancelled,2026-03-15
Nicholas Hinton,jodilopez@example.org,216-981-8515,South America,Monaco,Difficult,Books,213.24,10,2132.4,Bank Transfer,Completed,2026-03-21
Julia Riggs,kyle08@example.net,295.483.8684,Europe,Malawi,Edge,Books,380.57,6,2283.42,Bank Transfer,Pending,2026-04-02
Donald Newman,nicolebuckley@example.net,(593)298-5158,South America,Netherlands,Lawyer,Books,350.14,6,2100.84,Bank Transfer,Cancelled,2026-02-07
Michael Banks,stephensjodi@example.org,574.297.7245x4715,North America,Algeria,Personal,Electronics,43.05,6,258.3,Credit Card,Completed,2026-03-03
Shawn Phillips,dunnkaitlyn@example.com,4599029853,North America,Central African Republic,Military,Books,169.32,3,507.96,Bank Transfer,Completed,2026-03-15
Tammy Hoover,shane06@example.net,220.444.2307x094,Africa,Morocco,True,Books,108.52,10,1085.2,PayPal,Completed,2026-03-03
Jane Nichols,alyssa97@example.com,743-349-1084x471,North America,Vanuatu,Others,Clothing,412.66,4,1650.64,Cash,Pending,2026-02-04
David Lewis,langshelly@example.net,(935)220-2229,Asia,Turkmenistan,Lead,Electronics,490.83,2,981.66,Bank Transfer,Cancelled,2026-02-04
Ashley Kelley,qstevenson@example.org,+1-629-864-1913x019,Africa,Greenland,Run,Electronics,163.52,7,1144.64,Credit Card,Cancelled,2026-01-15
Michelle Webb,hjackson@example.net,602-821-2508x521,Europe,Jamaica,Return,Books,91.46,7,640.22,Cash,Pending,2026-03-30
Robert Moreno,mcgratheric@example.org,258.431.5644,Asia,Costa Rica,Reduce,Clothing,309.38,9,2784.42,PayPal,Completed,2026-03-19
David Bradford,danielglenn@example.net,367.729.7444,Africa,Cuba,Deep,Sports,203.44,1,203.44,Bank Transfer,Completed,2026-02-18
Denise Stevens,osanders@example.org,812-250-0264,South America,Chad,Anything,Electronics,210.5,3,631.5,Cash,Cancelled,2026-03-25
Dave Galvan,zacharyyates@example.org,(233)597-8152x71127,Europe,Brunei Darussalam,Themselves,Books,42.33,1,42.33,Cash,Pending,2026-03-21
Amber Bryant,kellerjennifer@example.org,+1-564-939-5556x02812,North America,Bulgaria,Put,Electronics,10.7,3,32.1,Bank Transfer,Cancelled,2026-03-24
Lance Martin,cevans@example.com,789-423-8226,Africa,Germany,Machine,Electronics,350.52,4,1402.08,PayPal,Cancelled,2026-03-24
Andrew Wade MD,nosborne@example.net,888.372.1816x768,North America,Burkina Faso,Someone,Home,192.7,9,1734.3,Cash,Pending,2026-03-28
Kathryn Lawson,hstewart@example.com,6989778100,South America,Kiribati,Without,Electronics,86.31,5,431.55,Cash,Completed,2026-03-03
Ryan Santos,mariazamora@example.com,+1-247-521-9643x6817,Asia,Uruguay,Value,Books,156.42,3,469.26,Cash,Pending,2026-02-16
Joseph Joseph,curtislindsey@example.com,001-991-311-1158x6026,Europe,Niger,Suggest,Books,401.88,7,2813.16,Bank Transfer,Cancelled,2026-01-22
Katherine Walker MD,eric52@example.net,291.921.1628x35062,Africa,Algeria,Arm,Home,311.88,1,311.88,Credit Card,Pending,2026-01-22
Brittany Robinson,clinton95@example.org,(321)201-9852x33922,South America,Sweden,Floor,Books,408.59,8,3268.72,Cash,Cancelled,2026-01-09
Phillip Fischer,heatherdonaldson@example.org,(806)484-5634x42768,Africa,Switzerland,Great,Electronics,213.91,7,1497.37,Credit Card,Completed,2026-03-11
Christopher Mitchell,mendozalori@example.org,234-794-3872,North America,Uganda,Support,Books,359.37,8,2874.96,Credit Card,Pending,2026-01-25
Andrea Jones,madisonsanford@example.net,+1-557-661-8250x599,Africa,Peru,Size,Clothing,443.3,5,2216.5,Cash,Cancelled,2026-02-08
Jackie Greene,dnorton@example.org,626-676-6536x8789,South America,Trinidad and Tobago,Mean,Books,87.33,5,436.65,PayPal,Completed,2026-01-10
Stephen Swanson,susanmullins@example.com,+1-972-539-1470,North America,Fiji,Economic,Books,306.47,4,1225.88,Bank Transfer,Completed,2026-04-04
Monica Dominguez,shermanjoseph@example.com,5543538684,Africa,Saint Helena,New,Books,251.25,7,1758.75,Credit Card,Pending,2026-02-25
Margaret Lowe,johnfuller@example.com,(499)590-9078x1059,South America,Gabon,Step,Clothing,213.18,6,1279.08,PayPal,Completed,2026-01-26
Robert Bartlett,jeffreywebb@example.org,+1-689-923-7235x5851,Asia,Fiji,Fund,Clothing,283.86,7,1987.02,Cash,Cancelled,2026-01-02
Laura Ashley,sperez@example.net,877-314-9326,Europe,Thailand,Recent,Books,50.79,5,253.95,Credit Card,Pending,2026-03-17
Ronald Austin,kbrewer@example.org,873.958.8202x684,North America,United Arab Emirates,Door,Clothing,485.86,1,485.86,Cash,Pending,2026-02-22
Jason Morrison,georgerogers@example.org,+1-825-780-6234,North America,Senegal,Traditional,Sports,79.26,3,237.78,Cash,Cancelled,2026-03-17
Lisa House,dhill@example.com,001-744-736-5253x36089,South America,South Georgia and the South Sandwich Islands,More,Electronics,150.33,4,601.32,Credit Card,Completed,2026-01-10
Cynthia Smith,gmartinez@example.org,(988)495-2558x73237,Europe,Jordan,Successful,Clothing,441.44,4,1765.76,Bank Transfer,Completed,2026-01-21
Pamela Bell,krausealexandra@example.com,001-865-366-3998x919,Africa,Iran,Position,Books,145.46,7,1018.22,Credit Card,Pending,2026-03-18
Dr. Taylor Smith,mariaortega@example.com,+1-423-532-9501,Europe,Haiti,Edge,Home,269.46,5,1347.3,PayPal,Cancelled,2026-01-06
Dawn Harrington,parsonsgregory@example.com,001-379-696-6092x548,Europe,Solomon Islands,Choose,Sports,352.77,8,2822.16,PayPal,Pending,2026-01-20
Howard Miller,andreamiller@example.org,643.362.5219x03701,Europe,Cayman Islands,Point,Home,75.62,2,151.24,PayPal,Cancelled,2026-03-12
George Bowman,danielbailey@example.org,576-986-7082,Africa,Burkina Faso,Challenge,Sports,257.75,9,2319.75,Cash,Pending,2026-04-05
Joseph Jacobs,gloriajones@example.com,+1-385-803-9501,North America,Morocco,Poor,Home,130.82,8,1046.56,Cash,Cancelled,2026-04-04
Victoria David,andrew76@example.com,(815)628-2552x425,Asia,Barbados,Gas,Sports,162.11,7,1134.77,PayPal,Pending,2026-03-04
Laura Castro,aodom@example.com,(539)892-3503x244,Europe,Ethiopia,Series,Books,213.92,3,641.76,PayPal,Cancelled,2026-02-24
Gina Johnson,smithkristen@example.org,660.607.8651,North America,Armenia,Deep,Books,327.03,1,327.03,Credit Card,Cancelled,2026-02-24
Katelyn Conley,henryhayden@example.net,+1-939-733-8625x07282,North America,Guam,Nature,Clothing,13.2,7,92.4,PayPal,Pending,2026-03-22
Daniel Hayes,umartin@example.org,(771)234-9062,Africa,Luxembourg,Recognize,Clothing,172.33,10,1723.3,PayPal,Pending,2026-01-31
Brandon Ortiz,austin46@example.net,(331)574-5064x47585,North America,San Marino,Four,Sports,227.9,10,2279.0,Bank Transfer,Pending,2026-01-31
Lindsey Bauer,rcruz@example.net,001-817-842-7478x8928,Africa,Nauru,Into,Home,473.1,3,1419.3,PayPal,Pending,2026-02-14
Donna Coleman,jessicacollins@example.org,(583)573-5914,North America,South Georgia and the South Sandwich Islands,Cut,Home,341.16,5,1705.8,Credit Card,Cancelled,2026-03-15
Mr. Nicholas Russell MD,dakota39@example.org,924.420.4503x5524,Europe,Timor-Leste,Thank,Books,252.94,3,758.82,Cash,Cancelled,2026-02-28
Gerald Wilson,bchambers@example.com,475-526-0957x0665,Europe,Congo,During,Electronics,336.85,7,2357.95,Cash,Pending,2026-01-15
Andrea Bass,michele61@example.org,254.262.5822x994,Africa,Mozambique,Such,Books,153.6,1,153.6,PayPal,Completed,2026-01-17
Crystal Stuart,timothy49@example.net,671-532-8546,Africa,Togo,Name,Books,121.46,7,850.22,Cash,Pending,2026-03-14
Robert Stark,lisa80@example.org,861-682-5682x773,Asia,Burkina Faso,Above,Home,490.36,8,3922.88,Credit Card,Completed,2026-01-10
Andrea Estrada,brianlee@example.net,(453)211-0302x8207,North America,Mali,Forward,Electronics,429.27,1,429.27,Cash,Cancelled,2026-02-01
Brian Wells,emartinez@example.net,2145135097,Europe,Congo,Allow,Clothing,18.31,1,18.31,Cash,Cancelled,2026-01-25
Tanya Torres,dawnbonilla@example.net,941.593.6971,Europe,Latvia,Social,Electronics,380.45,10,3804.5,Credit Card,Completed,2026-03-11
Andrea Nguyen,anthony33@example.org,943-340-9706x40788,South America,Mali,Skin,Books,228.84,4,915.36,Cash,Completed,2026-01-15
Dale Rodriguez,jeffery92@example.com,+1-423-401-2903x0219,Asia,Malawi,Bar,Sports,291.97,5,1459.85,Cash,Completed,2026-03-29
Christie Bradley,michael44@example.org,201-753-0870,South America,Albania,Everybody,Clothing,107.71,10,1077.1,Bank Transfer,Completed,2026-01-21
Darren Fox,marilyn35@example.net,(270)397-7238x4319,Asia,Uruguay,And,Clothing,255.5,10,2555.0,Credit Card,Cancelled,2026-04-01
Donald Jones,rjones@example.com,+1-325-707-4890x997,Asia,Costa Rica,Capital,Books,179.62,9,1616.58,Credit Card,Pending,2026-03-14
Vicki Henry,harveyeric@example.net,225.812.5995,Europe,Palau,Loss,Clothing,349.42,8,2795.36,Credit Card,Pending,2026-03-04
Rachel Hamilton,kristin76@example.org,+1-882-774-4997x32398,Asia,Palau,If,Sports,106.51,8,852.08,Credit Card,Pending,2026-02-02
Jeffrey Arellano,mark46@example.net,885-750-4941,Africa,Malaysia,Whose,Home,265.14,10,2651.4,PayPal,Cancelled,2026-03-11
Sandra Walker,fjensen@example.com,869-669-4348,South America,Belize,Positive,Electronics,359.7,2,719.4,Bank Transfer,Cancelled,2026-03-05
Abigail Cooper,brandonrodriguez@example.net,342.514.5729x261,Europe,Palau,Agree,Electronics,432.16,7,3025.12,Credit Card,Cancelled,2026-01-22
Cindy Dunn,sandyoneill@example.org,493-425-8753x570,South America,Switzerland,Onto,Electronics,244.92,4,979.68,Cash,Completed,2026-03-24
Michael Franco,melaniecastillo@example.net,428-259-0985x6583,North America,Gibraltar,Involve,Electronics,34.35,8,274.8,Cash,Cancelled,2026-02-25
Jeffrey Wilson,autumnlewis@example.org,606.430.0871,Europe,Falkland Islands (Malvinas),Stop,Clothing,245.44,7,1718.08,Credit Card,Pending,2026-02-19
